Q1,Q4,Q5,Q6,Q7,Q8,Q9,Q16b,Q16c,Q16d,Q16e,Q19b,Q19c,Q19d,Q19f,Q19g,Q19h,Q19i,Q10a,Q12a,Q10d,Q12d,Q10e,Q12e,Q21c,Q21d,Q21f,Q21g,Q22a,Q22b,Q22c,Q22d,Q22e,Q22f,Q22g,Q26d,Q26e,Q26g,Q25a,Q25b,Q25c,Q25d,Q25e,Q25f,Q25i,Q20b,Q20c,Q20d,Q20e,Q18a,Q19a,TS,AS,SCO,ACO,LT,CS,WOR,PAE,NAE,LO
Indonesia,1.0,1.0,4.0,21.0,2.0,2.0,2.0,3.0,3.0,3.0,1.0,3.0,1.0,1.0,3.0,3.0,3.0,,,4.0,,4.0,,1.0,3.0,3.0,1.0,2.0,2.0,2.0,1.0,3.0,3.0,3.0,4.0,4.0,5.0,3.0,4.0,3.0,4.0,3.0,4.0,4.0,2.0,2.0,3.0,3.0,2.0,3.0,2.75,2.142857142857143,,,2.0,2.2857142857142856,4.333333333333333,3.3333333333333335,3.75,2.6666666666666665
Indonesia,1.0,1.0,1.0,21.0,2.0,2.0,3.0,3.0,3.0,3.0,3.0,3.0,3.0,3.0,3.0,3.0,3.0,3.0,3.0,3.0,3.0,3.0,3.0,5.0,3.0,1.0,3.0,4.0,4.0,4.0,4.0,4.0,4.0,4.0,3.0,3.0,2.0,3.0,5.0,5.0,3.0,3.0,3.0,5.0,3.0,3.0,3.0,3.0,3.0,3.0,3.0,3.0,3.0,3.0,3.0,4.0,2.6666666666666665,4.333333333333333,3.5,3.0
Indonesia,1.0,1.0,2.0,19.0,2.0,,,,,,,,,,,,,,,,,,,,,,,,,,,,,,,,,,,,,,,,,,,,,,,,,,,,,,,
Indonesia,1.0,3.0,4.0,19.0,2.0,1.0,,,,,,,,,,,,,,,,,,,,,,,,,,,,,2.0,2.0,1.0,5.0,5.0,3.0,1.0,1.0,1.0,3.0,,,,,,,,,,,,,1.6666666666666667,4.333333333333333,1.5,
Indonesia,1.0,1.0,2.0,21.0,2.0,2.0,4.0,4.0,4.0,4.0,4.0,4.0,4.0,4.0,4.0,4.0,4.0,1.0,,3.0,4.0,3.0,4.0,5.0,5.0,5.0,1.0,5.0,5.0,2.0,4.0,4.0,4.0,4.0,5.0,5.0,5.0,5.0,5.0,5.0,3.0,3.0,3.0,5.0,4.0,2.0,4.0,4.0,3.0,4.0,4.0,4.0,,3.5,4.0,4.0,5.0,5.0,3.5,4.0
Indonesia,1.0,1.0,2.0,18.0,2.0,2.0,2.0,4.0,5.0,4.0,3.0,3.0,1.0,1.0,3.0,2.0,2.0,3.0,3.0,2.0,4.0,3.0,2.0,1.0,,5.0,1.0,3.0,3.0,2.0,2.0,3.0,3.0,2.0,3.0,3.0,2.0,3.0,1.0,3.0,3.0,3.0,4.0,3.0,5.0,3.0,4.0,2.0,1.0,2.0,3.75,2.142857142857143,3.0,2.75,,2.5714285714285716,2.6666666666666665,2.3333333333333335,3.25,3.6666666666666665
Indonesia,1.0,1.0,2.0,20.0,2.0,2.0,2.0,2.0,2.0,2.0,2.0,3.0,1.0,3.0,3.0,3.0,3.0,2.0,,3.0,,3.0,,1.0,1.0,5.0,1.0,4.0,3.0,3.0,2.0,4.0,3.0,2.0,5.0,5.0,5.0,3.0,5.0,1.0,5.0,3.0,3.0,5.0,2.0,2.0,2.0,2.0,2.0,3.0,2.0,2.5714285714285716,,,2.0,3.0,5.0,3.0,4.0,2.0
Indonesia,1.0,1.0,2.0,20.0,2.0,1.0,,,,,,,,,,,,,,,,,,,,,,,,,,,,,5.0,5.0,5.0,2.0,2.0,1.0,5.0,5.0,5.0,4.0,,,,,,,,,,,,,5.0,1.6666666666666667,4.75,
Indonesia,2.0,1.0,1.0,19.0,2.0,2.0,2.0,4.0,4.0,4.0,4.0,3.0,3.0,3.0,3.0,3.0,3.0,2.0,,2.0,2.0,2.0,4.0,1.0,1.0,5.0,1.0,3.0,2.0,2.0,4.0,4.0,2.0,2.0,2.0,2.0,2.0,1.0,1.0,1.0,3.0,3.0,3.0,3.0,1.0,2.0,2.0,2.0,2.0,2.0,3.5,3.142857142857143,,2.5,2.0,2.7142857142857144,2.0,1.0,3.0,1.6666666666666667
Indonesia,2.0,1.0,2.0,22.0,2.0,2.0,3.0,3.0,3.0,3.0,3.0,3.0,3.0,3.0,3.0,3.0,3.0,3.0,3.0,3.0,3.0,3.0,3.0,4.0,4.0,4.0,4.0,3.0,3.0,3.0,3.0,3.0,3.0,3.0,4.0,4.0,4.0,4.0,4.0,4.0,4.0,4.0,4.0,4.0,3.0,3.0,3.0,3.0,3.0,3.0,3.0,3.0,3.0,3.0,4.0,3.0,4.0,4.0,4.0,3.0
Indonesia,,,,,2.0,,,,,,,,,,,,,,,,,,,,,,,,,,,,,,,,,,,,,,,,,,,,,,,,,,,,,,,
Indonesia,2.0,1.0,,19.0,2.0,1.0,,,,,,,,,,,,,,,,,,,,,,,,,,,,,,,,,,,,,,,,,,,,,,,,,,,,,,
Indonesia,1.0,1.0,,22.0,2.0,2.0,4.0,4.0,4.0,4.0,3.0,3.0,2.0,3.0,3.0,3.0,4.0,4.0,4.0,4.0,4.0,3.0,4.0,3.0,4.0,3.0,1.0,3.0,3.0,3.0,3.0,3.0,3.0,3.0,3.0,1.0,2.0,3.0,3.0,3.0,2.0,1.0,3.0,3.0,3.0,3.0,3.0,3.0,3.0,3.0,4.0,3.0,4.0,3.75,2.75,3.0,2.0,3.0,2.25,3.0
Indonesia,1.0,1.0,,19.0,2.0,2.0,3.0,4.0,4.0,4.0,1.0,,3.0,,3.0,,3.0,,,,,4.0,,5.0,1.0,1.0,1.0,4.0,3.0,3.0,3.0,4.0,4.0,3.0,2.0,4.0,2.0,3.0,5.0,3.0,3.0,3.0,3.0,3.0,3.0,3.0,3.0,,2.0,3.0,3.75,,,,2.0,3.4285714285714284,2.6666666666666665,3.6666666666666665,3.0,
Indonesia,1.0,1.0,1.0,19.0,2.0,1.0,,,,,,,,,,,,,,,,,,,,,,,,,,,,,5.0,2.0,3.0,3.0,5.0,3.0,5.0,5.0,3.0,3.0,,,,,,,,,,,,,3.3333333333333335,3.6666666666666665,4.0,
Indonesia,1.0,1.0,4.0,20.0,2.0,1.0,,,,,,,,,,,,,,,,,,,,,,,,,,,,,5.0,5.0,5.0,3.0,5.0,5.0,3.0,1.0,1.0,4.0,,,,,,,,,,,,,5.0,4.333333333333333,2.25,
Indonesia,2.0,1.0,2.0,,2.0,2.0,3.0,3.0,3.0,3.0,3.0,3.0,3.0,3.0,3.0,3.0,3.0,3.0,3.0,3.0,3.0,3.0,3.0,4.0,4.0,4.0,4.0,4.0,3.0,3.0,3.0,3.0,3.0,3.0,3.0,3.0,3.0,4.0,4.0,4.0,4.0,4.0,4.0,4.0,3.0,3.0,3.0,3.0,3.0,3.0,3.0,3.0,3.0,3.0,4.0,3.142857142857143,3.0,4.0,4.0,3.0
Indonesia,1.0,1.0,1.0,19.0,2.0,2.0,3.0,3.0,4.0,4.0,4.0,3.0,3.0,3.0,3.0,4.0,3.0,3.0,2.0,3.0,3.0,4.0,3.0,1.0,3.0,5.0,1.0,4.0,3.0,3.0,3.0,4.0,2.0,3.0,,,,,,,,,,,3.0,3.0,4.0,,2.0,2.0,3.5,3.2857142857142856,2.5,3.25,2.5,3.142857142857143,,,,
Indonesia,1.0,3.0,4.0,,,,,,,,,,,,,,,,,,,,,,,,,,,,,,,,,,,,,,,,,,,,,,,,,,,,,,,,,
Indonesia,1.0,1.0,4.0,21.0,2.0,2.0,4.0,3.0,3.0,3.0,2.0,2.0,1.0,1.0,2.0,2.0,1.0,2.0,3.0,3.0,3.0,3.0,3.0,5.0,3.0,5.0,2.0,3.0,2.0,2.0,2.0,3.0,3.0,3.0,2.0,2.0,2.0,2.0,3.0,2.0,3.0,3.0,3.0,2.0,2.0,3.0,4.0,3.0,2.0,2.0,3.25,1.5714285714285714,2.5,3.0,3.75,2.5714285714285716,2.0,2.3333333333333335,2.75,3.0
Indonesia,1.0,1.0,2.0,21.0,2.0,1.0,,,,,,,,,,,,,,,,,,,,,,,,,,,,,3.0,3.0,4.0,3.0,3.0,2.0,3.0,3.0,2.0,1.0,,,,,,,,,,,,,3.3333333333333335,2.6666666666666665,2.25,
Indonesia,1.0,1.0,2.0,20.0,1.0,2.0,4.0,4.0,4.0,4.0,4.0,4.0,4.0,4.0,4.0,4.0,4.0,4.0,4.0,4.0,4.0,4.0,4.0,3.0,3.0,3.0,3.0,3.0,3.0,3.0,3.0,3.0,3.0,3.0,3.0,3.0,3.0,3.0,3.0,3.0,3.0,3.0,3.0,3.0,4.0,2.0,4.0,4.0,4.0,4.0,4.0,4.0,4.0,4.0,3.0,3.0,3.0,3.0,3.0,4.0
Indonesia,1.0,1.0,,20.0,2.0,1.0,,,,,,,,,,,,,,,,,,,,,,,,,,,,,3.0,2.0,5.0,2.0,4.0,3.0,2.0,2.0,1.0,1.0,,,,,,,,,,,,,3.3333333333333335,3.0,1.5,
Indonesia,2.0,1.0,,20.0,2.0,2.0,1.0,1.0,1.0,1.0,2.0,2.0,1.0,1.0,1.0,1.0,1.0,1.0,1.0,,1.0,1.0,1.0,1.0,2.0,1.0,1.0,1.0,1.0,1.0,1.0,1.0,1.0,1.0,1.0,1.0,1.0,1.0,1.0,1.0,1.0,1.0,1.0,1.0,1.0,5.0,1.0,1.0,1.0,1.0,1.0,1.2857142857142858,1.0,,1.25,1.0,1.0,1.0,1.0,1.0
Indonesia,1.0,1.0,,19.0,2.0,,,,,,,,,,,,,,,,,,,,,,,,,,,,,,,,,,,,,,,,,,,,,,,,,,,,,,,
Indonesia,1.0,1.0,1.0,18.0,2.0,2.0,3.0,3.0,5.0,2.0,1.0,1.0,1.0,2.0,2.0,2.0,2.0,1.0,3.0,3.0,3.0,5.0,5.0,5.0,2.0,5.0,1.0,4.0,4.0,2.0,1.0,4.0,3.0,1.0,1.0,1.0,1.0,5.0,5.0,1.0,5.0,3.0,5.0,1.0,5.0,3.0,3.0,4.0,1.0,2.0,3.25,1.5714285714285714,2.0,4.0,3.25,2.7142857142857144,1.0,3.6666666666666665,3.5,4.0
Indonesia,1.0,1.0,2.0,21.0,2.0,2.0,3.0,3.0,3.0,3.0,3.0,3.0,3.0,4.0,4.0,3.0,3.0,,,,,4.0,3.0,1.0,3.0,4.0,2.0,4.0,3.0,2.0,3.0,3.0,4.0,3.0,5.0,5.0,5.0,1.0,3.0,3.0,4.0,4.0,4.0,3.0,4.0,3.0,3.0,1.0,3.0,4.0,3.0,3.2857142857142856,,,2.5,3.142857142857143,5.0,2.3333333333333335,3.75,2.6666666666666665
Indonesia,1.0,1.0,4.0,22.0,1.0,2.0,1.0,1.0,1.0,1.0,2.0,2.0,2.0,2.0,2.0,2.0,2.0,1.0,1.0,1.0,1.0,1.0,1.0,1.0,1.0,1.0,1.0,1.0,1.0,1.0,1.0,1.0,1.0,1.0,1.0,1.0,1.0,1.0,1.0,1.0,5.0,5.0,5.0,4.0,1.0,5.0,1.0,1.0,2.0,2.0,1.0,2.0,1.0,1.0,1.0,1.0,1.0,1.0,4.75,1.0
Indonesia,1.0,1.0,2.0,21.0,2.0,2.0,4.0,4.0,4.0,4.0,3.0,3.0,3.0,3.0,3.0,3.0,3.0,3.0,3.0,4.0,3.0,4.0,3.0,5.0,3.0,4.0,3.0,3.0,3.0,4.0,4.0,4.0,3.0,3.0,3.0,3.0,5.0,4.0,4.0,4.0,1.0,3.0,2.0,1.0,3.0,4.0,4.0,3.0,3.0,3.0,4.0,3.0,3.0,3.5,3.75,3.4285714285714284,3.6666666666666665,4.0,1.75,3.3333333333333335
Indonesia,1.0,1.0,1.0,19.0,2.0,2.0,3.0,3.0,3.0,3.0,3.0,3.0,3.0,,,3.0,3.0,3.0,3.0,3.0,3.0,3.0,3.0,5.0,5.0,5.0,1.0,3.0,3.0,3.0,2.0,4.0,3.0,3.0,3.0,3.0,4.0,1.0,5.0,5.0,2.0,2.0,1.0,5.0,3.0,2.0,3.0,3.0,3.0,3.0,3.0,,3.0,3.0,4.0,3.0,3.3333333333333335,3.6666666666666665,2.5,3.0
Indonesia,2.0,1.0,2.0,19.0,2.0,2.0,3.0,4.0,4.0,4.0,2.0,2.0,2.0,2.0,2.0,2.0,2.0,3.0,2.0,2.0,2.0,2.0,2.0,2.0,2.0,5.0,1.0,3.0,3.0,2.0,2.0,3.0,3.0,3.0,2.0,2.0,2.0,2.0,4.0,4.0,2.0,2.0,2.0,2.0,4.0,2.0,4.0,2.0,2.0,2.0,3.75,2.0,2.5,2.0,2.5,2.7142857142857144,2.0,3.3333333333333335,2.0,3.3333333333333335
Indonesia,2.0,1.0,2.0,20.0,2.0,2.0,3.0,4.0,3.0,3.0,,,,,,,,3.0,5.0,3.0,4.0,5.0,4.0,,,,,,,,,,,,,,,,,,,,,,,,,,,,3.25,,4.0,4.0,,,,,,
Indonesia,2.0,1.0,,19.0,2.0,2.0,4.0,4.0,4.0,4.0,3.0,4.0,3.0,3.0,3.0,3.0,3.0,1.0,2.0,3.0,3.0,3.0,3.0,5.0,3.0,4.0,1.0,3.0,3.0,3.0,3.0,4.0,3.0,3.0,2.0,5.0,2.0,2.0,2.0,2.0,4.0,4.0,4.0,3.0,2.0,4.0,4.0,2.0,4.0,4.0,4.0,3.142857142857143,1.5,3.0,3.25,3.142857142857143,3.0,2.0,3.75,2.6666666666666665
Indonesia,1.0,1.0,2.0,20.0,2.0,2.0,2.0,3.0,3.0,3.0,2.0,2.0,2.0,1.0,3.0,3.0,2.0,2.0,2.0,2.0,2.0,2.0,2.0,2.0,2.0,1.0,1.0,2.0,2.0,2.0,2.0,3.0,2.0,2.0,2.0,3.0,3.0,3.0,3.0,2.0,4.0,3.0,4.0,3.0,2.0,2.0,3.0,2.0,2.0,3.0,2.75,2.142857142857143,2.0,2.0,1.5,2.142857142857143,2.6666666666666665,2.6666666666666665,3.5,2.3333333333333335
Indonesia,1.0,1.0,2.0,19.0,2.0,,,,,,,,,,,,,,,,,,,,,,,,,,,,,,,,,,,,,,,,,,,,,,,,,,,,,,,
Indonesia,2.0,1.0,2.0,20.0,2.0,2.0,5.0,5.0,3.0,3.0,2.0,2.0,2.0,2.0,3.0,,4.0,2.0,3.0,3.0,3.0,2.0,4.0,5.0,5.0,5.0,3.0,3.0,3.0,3.0,3.0,3.0,3.0,3.0,5.0,5.0,5.0,3.0,3.0,3.0,3.0,3.0,3.0,2.0,3.0,2.0,4.0,3.0,2.0,3.0,4.0,,2.5,3.0,4.5,3.0,5.0,3.0,2.75,3.3333333333333335
Indonesia,2.0,1.0,4.0,21.0,2.0,2.0,2.0,2.0,2.0,2.0,2.0,2.0,2.0,2.0,2.0,2.0,2.0,,1.0,,1.0,,1.0,3.0,3.0,5.0,1.0,1.0,1.0,1.0,2.0,4.0,3.0,2.0,1.0,1.0,2.0,3.0,3.0,3.0,3.0,3.0,4.0,3.0,2.0,4.0,3.0,3.0,2.0,3.0,2.0,2.0,,,3.0,2.0,1.3333333333333333,3.0,3.25,2.6666666666666665
Indonesia,1.0,1.0,2.0,20.0,1.0,2.0,3.0,3.0,3.0,3.0,3.0,3.0,2.0,1.0,3.0,3.0,3.0,2.0,2.0,2.0,2.0,2.0,2.0,4.0,2.0,4.0,1.0,2.0,2.0,3.0,3.0,3.0,3.0,3.0,2.0,2.0,2.0,2.0,2.0,2.0,3.0,3.0,3.0,3.0,2.0,2.0,3.0,2.0,2.0,2.0,3.0,2.5714285714285716,2.0,2.0,2.75,2.7142857142857144,2.0,2.0,3.0,2.3333333333333335
Indonesia,1.0,1.0,1.0,19.0,1.0,2.0,2.0,4.0,1.0,1.0,2.0,3.0,2.0,1.0,2.0,,3.0,1.0,1.0,1.0,3.0,1.0,3.0,3.0,3.0,1.0,1.0,2.0,1.0,1.0,1.0,1.0,3.0,2.0,3.0,1.0,2.0,1.0,1.0,2.0,1.0,1.0,1.0,2.0,4.0,2.0,5.0,4.0,3.0,2.0,2.0,,1.0,2.0,2.0,1.5714285714285714,2.0,1.3333333333333333,1.25,4.333333333333333
Indonesia,2.0,1.0,2.0,22.0,2.0,2.0,3.0,3.0,3.0,3.0,3.0,3.0,3.0,3.0,3.0,3.0,3.0,3.0,3.0,3.0,3.0,3.0,3.0,4.0,4.0,4.0,4.0,3.0,3.0,3.0,3.0,3.0,3.0,3.0,4.0,4.0,4.0,4.0,4.0,4.0,4.0,4.0,4.0,4.0,3.0,3.0,3.0,3.0,3.0,3.0,3.0,3.0,3.0,3.0,4.0,3.0,4.0,4.0,4.0,3.0
Indonesia,2.0,1.0,2.0,,2.0,1.0,,,,,,,,,,,,,,,,,,,,,,,,,,,,,4.0,4.0,4.0,4.0,4.0,4.0,4.0,4.0,4.0,4.0,,,,,,,,,,,,,4.0,4.0,4.0,
Indonesia,1.0,1.0,2.0,18.0,2.0,2.0,3.0,4.0,2.0,4.0,2.0,,,3.0,3.0,,3.0,3.0,3.0,2.0,3.0,3.0,3.0,5.0,1.0,4.0,1.0,4.0,3.0,2.0,2.0,4.0,4.0,4.0,3.0,4.0,4.0,3.0,4.0,3.0,2.0,2.0,2.0,3.0,4.0,3.0,4.0,2.0,2.0,3.0,3.25,,3.0,2.75,2.75,3.2857142857142856,3.6666666666666665,3.3333333333333335,2.25,3.3333333333333335
Indonesia,1.0,1.0,,19.0,2.0,2.0,3.0,4.0,3.0,2.0,2.0,3.0,3.0,2.0,3.0,3.0,3.0,,3.0,3.0,3.0,1.0,3.0,5.0,3.0,5.0,3.0,3.0,3.0,4.0,4.0,3.0,3.0,3.0,5.0,5.0,5.0,2.0,2.0,3.0,4.0,4.0,4.0,4.0,4.0,3.0,3.0,2.0,2.0,3.0,3.0,2.7142857142857144,,2.5,4.0,3.2857142857142856,5.0,2.3333333333333335,4.0,3.0
Indonesia,1.0,1.0,2.0,19.0,2.0,2.0,3.0,3.0,5.0,3.0,1.0,2.0,1.0,1.0,1.0,3.0,3.0,3.0,3.0,3.0,3.0,3.0,3.0,4.0,3.0,4.0,1.0,3.0,3.0,2.0,2.0,4.0,4.0,3.0,2.0,3.0,5.0,2.0,3.0,3.0,3.0,2.0,3.0,2.0,3.0,3.0,3.0,3.0,2.0,2.0,3.5,1.7142857142857142,3.0,3.0,3.0,3.0,3.3333333333333335,2.6666666666666665,2.5,3.0
Indonesia,1.0,1.0,1.0,19.0,2.0,2.0,2.0,3.0,3.0,2.0,3.0,3.0,3.0,3.0,3.0,3.0,3.0,,,2.0,,2.0,3.0,5.0,5.0,2.0,1.0,3.0,3.0,3.0,3.0,3.0,3.0,3.0,3.0,3.0,3.0,3.0,4.0,4.0,3.0,3.0,3.0,2.0,1.0,2.0,2.0,2.0,3.0,3.0,2.5,3.0,,,3.25,3.0,3.0,3.6666666666666665,2.75,1.6666666666666667
Indonesia,1.0,1.0,2.0,22.0,1.0,2.0,2.0,3.0,2.0,4.0,3.0,3.0,2.0,2.0,2.0,2.0,3.0,2.0,2.0,2.0,2.0,2.0,2.0,1.0,2.0,2.0,1.0,2.0,3.0,3.0,3.0,3.0,3.0,2.0,3.0,5.0,4.0,1.0,2.0,1.0,5.0,3.0,3.0,2.0,2.0,2.0,2.0,1.0,3.0,3.0,2.75,2.4285714285714284,2.0,2.0,1.5,2.7142857142857144,4.0,1.3333333333333333,3.25,1.6666666666666667
Indonesia,1.0,1.0,2.0,19.0,2.0,1.0,,,,,,,,,,,,,,,,,,,,,,,,,,,,,1.0,1.0,1.0,2.0,1.0,3.0,3.0,3.0,1.0,1.0,,,,,,,,,,,,,1.0,2.0,2.0,
Indonesia,1.0,1.0,2.0,19.0,2.0,2.0,4.0,3.0,3.0,3.0,3.0,3.0,2.0,4.0,4.0,,3.0,,,3.0,3.0,3.0,3.0,5.0,3.0,4.0,1.0,3.0,2.0,1.0,1.0,4.0,3.0,2.0,4.0,2.0,3.0,3.0,5.0,2.0,4.0,1.0,1.0,2.0,2.0,2.0,3.0,3.0,4.0,4.0,3.25,,,3.0,3.25,2.2857142857142856,3.0,3.3333333333333335,2.0,2.6666666666666665
Indonesia,2.0,1.0,2.0,19.0,2.0,2.0,3.0,3.0,3.0,3.0,3.0,3.0,3.0,3.0,3.0,,3.0,,,,,3.0,3.0,4.0,3.0,4.0,1.0,3.0,3.0,2.0,3.0,3.0,3.0,3.0,3.0,3.0,4.0,3.0,3.0,2.0,1.0,1.0,2.0,2.0,3.0,2.0,2.0,3.0,2.0,3.0,3.0,,,,3.0,2.857142857142857,3.3333333333333335,2.6666666666666665,1.5,2.6666666666666665
Indonesia,1.0,1.0,1.0,20.0,2.0,2.0,4.0,3.0,,4.0,2.0,,2.0,2.0,4.0,3.0,3.0,4.0,3.0,4.0,4.0,4.0,5.0,5.0,3.0,3.0,1.0,3.0,2.0,2.0,2.0,4.0,3.0,3.0,4.0,2.0,3.0,3.0,2.0,2.0,3.0,4.0,2.0,4.0,2.0,2.0,4.0,3.0,4.0,4.0,,,3.5,4.25,3.0,2.7142857142857144,3.0,2.3333333333333335,3.25,3.0
Indonesia,1.0,1.0,2.0,20.0,2.0,2.0,4.0,2.0,3.0,4.0,3.0,3.0,2.0,2.0,2.0,2.0,2.0,4.0,4.0,4.0,2.0,3.0,2.0,5.0,3.0,5.0,1.0,4.0,3.0,3.0,3.0,4.0,4.0,4.0,3.0,3.0,4.0,3.0,2.0,1.0,1.0,3.0,3.0,3.0,3.0,3.0,4.0,3.0,2.0,2.0,3.25,2.2857142857142856,4.0,2.75,3.5,3.5714285714285716,3.3333333333333335,2.0,2.5,3.3333333333333335
Indonesia,1.0,2.0,2.0,23.0,2.0,2.0,4.0,2.0,2.0,4.0,4.0,3.0,3.0,3.0,4.0,3.0,3.0,2.0,2.0,4.0,4.0,4.0,4.0,2.0,5.0,3.0,5.0,4.0,4.0,4.0,4.0,4.0,4.0,4.0,1.0,1.0,1.0,3.0,4.0,5.0,3.0,3.0,4.0,3.0,4.0,2.0,4.0,4.0,3.0,3.0,3.0,3.2857142857142856,2.0,4.0,3.75,4.0,1.0,4.0,3.25,4.0
Indonesia,1.0,1.0,2.0,18.0,2.0,2.0,2.0,2.0,2.0,2.0,2.0,2.0,2.0,2.0,2.0,2.0,2.0,5.0,,4.0,2.0,4.0,5.0,5.0,5.0,5.0,5.0,4.0,4.0,4.0,4.0,4.0,4.0,4.0,5.0,5.0,5.0,3.0,3.0,4.0,4.0,3.0,4.0,3.0,2.0,2.0,2.0,4.0,4.0,2.0,2.0,2.0,,3.75,5.0,4.0,5.0,3.3333333333333335,3.5,2.6666666666666665
Indonesia,2.0,1.0,2.0,19.0,2.0,2.0,4.0,4.0,4.0,4.0,2.0,,,,2.0,2.0,1.0,2.0,4.0,4.0,2.0,4.0,4.0,5.0,5.0,5.0,1.0,4.0,4.0,2.0,2.0,4.0,2.0,2.0,1.0,2.0,1.0,5.0,5.0,5.0,3.0,2.0,2.0,1.0,4.0,4.0,4.0,4.0,2.0,2.0,4.0,,3.0,3.5,4.0,2.857142857142857,1.3333333333333333,5.0,2.0,4.0
Indonesia,1.0,,,,,,,,,,,,,,,,,,,,,,,,,,,,,,,,,,,,,,,,,,,,,,,,,,,,,,,,,,,
Indonesia,1.0,1.0,2.0,19.0,2.0,2.0,2.0,2.0,2.0,3.0,,,,3.0,3.0,,,,3.0,,,3.0,3.0,5.0,5.0,5.0,2.0,4.0,3.0,3.0,3.0,3.0,3.0,3.0,5.0,5.0,4.0,2.0,2.0,2.0,4.0,4.0,4.0,1.0,3.0,3.0,3.0,3.0,3.0,3.0,2.25,,,,4.25,3.142857142857143,4.666666666666667,2.0,3.25,3.0
Indonesia,2.0,1.0,1.0,21.0,2.0,2.0,4.0,4.0,4.0,4.0,3.0,3.0,2.0,4.0,3.0,4.0,3.0,,,4.0,4.0,4.0,3.0,3.0,3.0,3.0,3.0,4.0,3.0,2.0,2.0,4.0,3.0,3.0,2.0,2.0,2.0,4.0,4.0,3.0,3.0,3.0,3.0,3.0,3.0,2.0,3.0,3.0,3.0,3.0,4.0,3.142857142857143,,3.75,3.0,3.0,2.0,3.6666666666666665,3.0,3.0
Indonesia,1.0,1.0,2.0,19.0,2.0,2.0,4.0,4.0,4.0,4.0,2.0,2.0,,3.0,3.0,,3.0,,3.0,3.0,3.0,3.0,3.0,3.0,3.0,4.0,1.0,3.0,3.0,3.0,3.0,3.0,3.0,3.0,2.0,2.0,2.0,3.0,5.0,3.0,4.0,3.0,4.0,3.0,3.0,3.0,3.0,3.0,3.0,3.0,4.0,,,3.0,2.75,3.0,2.0,3.6666666666666665,3.5,3.0
Indonesia,1.0,1.0,,18.0,2.0,2.0,3.0,4.0,4.0,4.0,3.0,3.0,2.0,3.0,3.0,3.0,4.0,3.0,,4.0,4.0,4.0,5.0,4.0,3.0,4.0,1.0,3.0,3.0,2.0,2.0,4.0,3.0,3.0,4.0,5.0,5.0,2.0,3.0,3.0,4.0,4.0,4.0,3.0,3.0,2.0,3.0,2.0,3.0,4.0,3.75,3.0,,4.25,3.0,2.857142857142857,4.666666666666667,2.6666666666666665,3.75,2.6666666666666665
Indonesia,1.0,1.0,1.0,19.0,2.0,2.0,4.0,4.0,4.0,4.0,2.0,2.0,2.0,2.0,5.0,4.0,2.0,4.0,,4.0,4.0,4.0,4.0,2.0,5.0,5.0,5.0,5.0,5.0,4.0,5.0,5.0,5.0,4.0,5.0,4.0,4.0,4.0,5.0,3.0,1.0,1.0,1.0,1.0,2.0,2.0,4.0,4.0,2.0,2.0,4.0,2.7142857142857144,,4.0,4.25,4.714285714285714,4.333333333333333,4.0,1.0,3.3333333333333335
Indonesia,1.0,1.0,2.0,19.0,2.0,2.0,3.0,2.0,5.0,4.0,1.0,3.0,3.0,1.0,3.0,2.0,3.0,2.0,3.0,3.0,1.0,2.0,3.0,1.0,5.0,5.0,1.0,4.0,3.0,4.0,3.0,4.0,4.0,4.0,4.0,5.0,2.0,3.0,5.0,1.0,3.0,3.0,3.0,1.0,2.0,3.0,4.0,2.0,,3.0,3.5,2.2857142857142856,2.5,2.25,3.0,3.7142857142857144,3.6666666666666665,3.0,2.5,2.6666666666666665
Indonesia,1.0,1.0,2.0,19.0,2.0,2.0,3.0,3.0,4.0,4.0,3.0,3.0,3.0,2.0,4.0,3.0,3.0,,,4.0,,3.0,,4.0,3.0,1.0,1.0,3.0,3.0,3.0,4.0,4.0,3.0,3.0,3.0,2.0,2.0,3.0,3.0,3.0,4.0,3.0,4.0,1.0,2.0,3.0,3.0,2.0,2.0,3.0,3.5,3.0,,,2.25,3.2857142857142856,2.3333333333333335,3.0,3.0,2.3333333333333335
Indonesia,1.0,1.0,2.0,20.0,2.0,2.0,4.0,3.0,2.0,4.0,2.0,3.0,3.0,2.0,3.0,2.0,2.0,3.0,3.0,3.0,4.0,3.0,3.0,5.0,5.0,5.0,5.0,4.0,3.0,3.0,3.0,3.0,2.0,2.0,4.0,3.0,4.0,3.0,4.0,3.0,3.0,3.0,3.0,1.0,3.0,4.0,3.0,2.0,2.0,3.0,3.25,2.4285714285714284,3.0,3.25,5.0,2.857142857142857,3.6666666666666665,3.3333333333333335,2.5,2.6666666666666665
Indonesia,1.0,1.0,2.0,19.0,2.0,2.0,1.0,4.0,2.0,2.0,3.0,3.0,3.0,3.0,3.0,3.0,3.0,,2.0,,1.0,,3.0,5.0,1.0,5.0,1.0,2.0,2.0,2.0,2.0,3.0,3.0,3.0,1.0,1.0,2.0,1.0,1.0,1.0,1.0,5.0,1.0,5.0,1.0,4.0,2.0,2.0,1.0,3.0,2.25,3.0,,,3.0,2.4285714285714284,1.3333333333333333,1.0,3.0,1.6666666666666667
Indonesia,2.0,1.0,2.0,19.0,2.0,2.0,4.0,3.0,3.0,3.0,3.0,3.0,3.0,3.0,3.0,3.0,3.0,,,2.0,2.0,2.0,2.0,4.0,3.0,4.0,1.0,3.0,3.0,3.0,3.0,3.0,3.0,3.0,3.0,2.0,2.0,2.0,3.0,2.0,1.0,3.0,3.0,3.0,3.0,3.0,3.0,2.0,,3.0,3.25,3.0,,2.0,3.0,3.0,2.3333333333333335,2.3333333333333335,2.5,2.6666666666666665
Indonesia,1.0,1.0,2.0,19.0,2.0,2.0,3.0,3.0,3.0,3.0,3.0,3.0,3.0,3.0,3.0,3.0,3.0,4.0,3.0,,4.0,4.0,4.0,5.0,4.0,1.0,1.0,3.0,4.0,4.0,,4.0,,3.0,3.0,3.0,3.0,3.0,3.0,2.0,3.0,2.0,3.0,1.0,2.0,3.0,3.0,2.0,3.0,3.0,3.0,3.0,3.5,,2.75,,3.0,2.6666666666666665,2.25,2.3333333333333335
Indonesia,1.0,1.0,2.0,19.0,2.0,2.0,3.0,3.0,3.0,3.0,3.0,3.0,3.0,3.0,3.0,3.0,3.0,4.0,4.0,4.0,4.0,4.0,4.0,5.0,3.0,1.0,1.0,3.0,3.0,3.0,3.0,3.0,3.0,3.0,3.0,2.0,3.0,3.0,3.0,3.0,3.0,3.0,3.0,3.0,3.0,,3.0,,3.0,3.0,3.0,3.0,4.0,4.0,2.5,3.0,2.6666666666666665,3.0,3.0,
Indonesia,1.0,1.0,2.0,19.0,2.0,2.0,4.0,5.0,5.0,4.0,2.0,2.0,2.0,1.0,4.0,3.0,3.0,3.0,3.0,3.0,3.0,3.0,3.0,4.0,4.0,4.0,2.0,4.0,4.0,4.0,4.0,4.0,4.0,4.0,2.0,2.0,3.0,2.0,2.0,3.0,3.0,3.0,3.0,3.0,3.0,4.0,3.0,3.0,2.0,3.0,4.5,2.4285714285714284,3.0,3.0,3.5,4.0,2.3333333333333335,2.3333333333333335,3.0,3.0
Indonesia,1.0,1.0,2.0,19.0,2.0,2.0,3.0,4.0,3.0,2.0,3.0,3.0,2.0,5.0,3.0,4.0,3.0,,3.0,,4.0,,3.0,1.0,3.0,5.0,3.0,3.0,3.0,2.0,2.0,4.0,3.0,3.0,1.0,1.0,3.0,1.0,1.0,1.0,3.0,3.0,1.0,3.0,2.0,2.0,3.0,4.0,2.0,4.0,3.0,3.2857142857142856,,,3.0,2.857142857142857,1.6666666666666667,1.0,2.5,3.0
Indonesia,2.0,1.0,2.0,19.0,2.0,2.0,,,,,,,,,,,,,,4.0,3.0,4.0,3.0,,,,,,,,,,,,,,,,,,,,,,,,,,,,,,,3.5,,,,,,
Indonesia,1.0,1.0,1.0,20.0,2.0,2.0,3.0,3.0,3.0,3.0,2.0,2.0,2.0,2.0,2.0,2.0,2.0,,2.0,2.0,2.0,2.0,2.0,2.0,3.0,4.0,1.0,4.0,3.0,3.0,3.0,3.0,4.0,3.0,1.0,1.0,1.0,3.0,3.0,2.0,2.0,3.0,3.0,3.0,3.0,3.0,3.0,3.0,3.0,2.0,3.0,2.0,,2.0,2.5,3.2857142857142856,1.0,2.6666666666666665,2.75,3.0
Indonesia,1.0,1.0,1.0,18.0,2.0,2.0,3.0,3.0,3.0,3.0,3.0,3.0,3.0,3.0,3.0,3.0,3.0,1.0,3.0,2.0,1.0,2.0,2.0,5.0,5.0,5.0,5.0,4.0,4.0,3.0,3.0,3.0,3.0,3.0,2.0,2.0,2.0,3.0,3.0,3.0,3.0,3.0,3.0,3.0,3.0,3.0,3.0,3.0,3.0,3.0,3.0,3.0,2.0,1.75,5.0,3.2857142857142856,2.0,3.0,3.0,3.0
Indonesia,1.0,1.0,2.0,19.0,2.0,2.0,3.0,3.0,3.0,3.0,3.0,3.0,3.0,3.0,3.0,3.0,3.0,3.0,3.0,3.0,3.0,3.0,3.0,4.0,4.0,1.0,1.0,3.0,3.0,3.0,3.0,3.0,3.0,3.0,2.0,2.0,2.0,4.0,5.0,5.0,2.0,2.0,2.0,2.0,3.0,3.0,4.0,3.0,3.0,3.0,3.0,3.0,3.0,3.0,2.5,3.0,2.0,4.666666666666667,2.0,3.3333333333333335
Indonesia,1.0,1.0,2.0,18.0,2.0,2.0,2.0,4.0,3.0,3.0,2.0,3.0,3.0,2.0,5.0,2.0,3.0,3.0,4.0,3.0,4.0,4.0,4.0,4.0,3.0,5.0,3.0,5.0,4.0,4.0,3.0,5.0,3.0,3.0,3.0,3.0,3.0,3.0,5.0,2.0,2.0,2.0,3.0,2.0,2.0,3.0,3.0,2.0,4.0,4.0,3.0,2.857142857142857,3.5,3.75,3.75,3.857142857142857,3.0,3.3333333333333335,2.25,2.3333333333333335
Indonesia,1.0,1.0,2.0,18.0,2.0,,,,,,,,,,,,,,,,,,,,,,,,,,,,,,,,,,,,,,,,,,,,,,,,,,,,,,,
Indonesia,1.0,1.0,2.0,19.0,2.0,1.0,,,,,,,,,,,,,,,,,,,,,,,,,,,,,5.0,3.0,5.0,3.0,5.0,3.0,3.0,3.0,3.0,3.0,,,,,,,,,,,,,4.333333333333333,3.6666666666666665,3.0,
Indonesia,2.0,,1.0,18.0,2.0,2.0,3.0,4.0,4.0,4.0,3.0,3.0,2.0,2.0,3.0,4.0,3.0,2.0,2.0,2.0,2.0,3.0,3.0,4.0,4.0,1.0,2.0,4.0,4.0,4.0,4.0,4.0,4.0,4.0,3.0,2.0,4.0,3.0,3.0,3.0,4.0,4.0,3.0,1.0,2.0,3.0,3.0,2.0,2.0,3.0,3.75,2.857142857142857,2.0,2.5,2.75,4.0,3.0,3.0,3.0,2.3333333333333335
Indonesia,1.0,1.0,2.0,20.0,2.0,1.0,,,,,,,,,,,,,,,,,,,,,,,,,,,,,3.0,2.0,1.0,3.0,4.0,5.0,3.0,3.0,4.0,3.0,,,,,,,,,,,,,2.0,4.0,3.25,
Indonesia,2.0,1.0,4.0,20.0,2.0,2.0,4.0,4.0,4.0,3.0,4.0,4.0,4.0,4.0,4.0,4.0,3.0,2.0,3.0,1.0,3.0,4.0,4.0,4.0,3.0,3.0,2.0,4.0,4.0,2.0,2.0,3.0,3.0,4.0,3.0,3.0,4.0,3.0,3.0,4.0,4.0,4.0,3.0,3.0,3.0,3.0,4.0,3.0,2.0,5.0,3.75,3.857142857142857,2.5,3.0,3.0,3.142857142857143,3.3333333333333335,3.3333333333333335,3.5,3.3333333333333335
Indonesia,1.0,1.0,2.0,18.0,2.0,2.0,3.0,3.0,3.0,3.0,,,,,,,,3.0,3.0,4.0,3.0,3.0,3.0,,,,,,,,,,,,,,,,,,,,,,,,,,,,3.0,,3.0,3.25,,,,,,
Indonesia,1.0,1.0,2.0,20.0,2.0,2.0,4.0,4.0,4.0,4.0,2.0,2.0,2.0,4.0,2.0,3.0,4.0,2.0,2.0,2.0,2.0,2.0,2.0,4.0,3.0,4.0,1.0,4.0,3.0,3.0,3.0,4.0,4.0,4.0,3.0,2.0,3.0,2.0,4.0,3.0,3.0,4.0,4.0,3.0,4.0,2.0,4.0,2.0,2.0,2.0,4.0,2.7142857142857144,2.0,2.0,3.0,3.5714285714285716,2.6666666666666665,3.0,3.5,3.3333333333333335
Indonesia,2.0,1.0,1.0,19.0,2.0,2.0,3.0,3.0,3.0,3.0,3.0,3.0,3.0,3.0,3.0,3.0,3.0,3.0,3.0,3.0,3.0,3.0,3.0,5.0,5.0,3.0,4.0,3.0,3.0,3.0,3.0,3.0,3.0,3.0,2.0,2.0,2.0,3.0,3.0,2.0,3.0,3.0,3.0,2.0,3.0,3.0,3.0,2.0,2.0,3.0,3.0,3.0,3.0,3.0,4.25,3.0,2.0,2.6666666666666665,2.75,2.6666666666666665
Indonesia,2.0,1.0,,19.0,2.0,2.0,3.0,3.0,3.0,4.0,2.0,2.0,2.0,3.0,3.0,2.0,2.0,3.0,3.0,3.0,2.0,3.0,2.0,3.0,3.0,5.0,1.0,3.0,3.0,2.0,3.0,3.0,3.0,4.0,5.0,2.0,2.0,3.0,3.0,3.0,3.0,2.0,1.0,2.0,2.0,3.0,3.0,2.0,2.0,2.0,3.25,2.2857142857142856,3.0,2.5,3.0,3.0,3.0,3.0,2.0,2.3333333333333335
Indonesia,2.0,1.0,2.0,19.0,2.0,2.0,4.0,3.0,3.0,4.0,3.0,3.0,,3.0,3.0,3.0,3.0,,,2.0,3.0,2.0,3.0,4.0,2.0,4.0,1.0,3.0,3.0,3.0,3.0,3.0,3.0,3.0,2.0,2.0,2.0,3.0,3.0,3.0,2.0,3.0,3.0,3.0,3.0,4.0,3.0,3.0,,3.0,3.5,,,2.5,2.75,3.0,2.0,3.0,2.75,3.0
Indonesia,1.0,1.0,2.0,18.0,2.0,2.0,4.0,2.0,4.0,2.0,2.0,2.0,2.0,2.0,3.0,2.0,2.0,4.0,2.0,4.0,4.0,4.0,4.0,4.0,3.0,5.0,2.0,4.0,4.0,2.0,2.0,4.0,4.0,3.0,5.0,1.0,5.0,4.0,4.0,4.0,3.0,3.0,3.0,3.0,2.0,2.0,4.0,3.0,2.0,2.0,3.0,2.142857142857143,3.0,4.0,3.5,3.2857142857142856,3.6666666666666665,4.0,3.0,3.0
Indonesia,1.0,1.0,2.0,19.0,2.0,2.0,3.0,3.0,3.0,3.0,3.0,3.0,,,,3.0,3.0,3.0,3.0,3.0,3.0,3.0,3.0,5.0,5.0,5.0,1.0,4.0,3.0,1.0,1.0,4.0,3.0,3.0,4.0,4.0,4.0,2.0,5.0,1.0,4.0,3.0,5.0,1.0,3.0,3.0,3.0,3.0,3.0,3.0,3.0,,3.0,3.0,4.0,2.7142857142857144,4.0,2.6666666666666665,3.25,3.0
Indonesia,1.0,1.0,1.0,20.0,2.0,2.0,4.0,4.0,4.0,4.0,4.0,4.0,3.0,4.0,4.0,4.0,3.0,3.0,3.0,3.0,3.0,4.0,4.0,5.0,5.0,3.0,1.0,4.0,5.0,2.0,2.0,2.0,4.0,4.0,5.0,2.0,2.0,4.0,4.0,4.0,2.0,2.0,3.0,1.0,2.0,1.0,4.0,2.0,3.0,4.0,4.0,3.7142857142857144,3.0,3.5,3.5,3.2857142857142856,3.0,4.0,2.0,2.6666666666666665
Indonesia,1.0,1.0,2.0,19.0,2.0,2.0,3.0,4.0,4.0,4.0,2.0,3.0,3.0,3.0,3.0,3.0,3.0,3.0,3.0,3.0,3.0,3.0,3.0,4.0,3.0,4.0,1.0,3.0,3.0,2.0,2.0,2.0,2.0,3.0,4.0,4.0,5.0,2.0,2.0,3.0,4.0,4.0,4.0,3.0,2.0,2.0,2.0,3.0,3.0,3.0,3.75,2.857142857142857,3.0,3.0,3.0,2.4285714285714284,4.333333333333333,2.3333333333333335,3.75,2.3333333333333335
Indonesia,1.0,2.0,2.0,20.0,1.0,2.0,3.0,,1.0,3.0,5.0,,,1.0,1.0,,1.0,1.0,,1.0,5.0,2.0,,5.0,4.0,4.0,3.0,3.0,5.0,5.0,,2.0,3.0,3.0,4.0,2.0,2.0,3.0,,,2.0,,4.0,,2.0,3.0,3.0,1.0,4.0,,,,,,4.0,,2.6666666666666665,,,2.0
Indonesia,1.0,1.0,2.0,19.0,2.0,1.0,,,,,,,,,,,,,,,,,,,,,,,,,,,,,5.0,4.0,4.0,4.0,1.0,3.0,3.0,3.0,4.0,1.0,,,,,,,,,,,,,4.333333333333333,2.6666666666666665,2.75,
Indonesia,1.0,1.0,2.0,20.0,2.0,2.0,4.0,4.0,4.0,4.0,4.0,4.0,4.0,3.0,4.0,4.0,4.0,4.0,4.0,4.0,4.0,4.0,4.0,5.0,4.0,1.0,4.0,4.0,4.0,3.0,4.0,4.0,3.0,3.0,2.0,3.0,3.0,3.0,3.0,3.0,4.0,3.0,3.0,1.0,3.0,3.0,3.0,3.0,4.0,4.0,4.0,3.857142857142857,4.0,4.0,3.5,3.5714285714285716,2.6666666666666665,3.0,2.75,3.0
Indonesia,1.0,1.0,2.0,19.0,2.0,2.0,4.0,5.0,3.0,3.0,2.0,3.0,2.0,4.0,2.0,2.0,4.0,3.0,3.0,5.0,4.0,4.0,3.0,5.0,1.0,5.0,1.0,5.0,4.0,5.0,3.0,4.0,4.0,4.0,2.0,1.0,3.0,3.0,3.0,4.0,3.0,4.0,4.0,3.0,2.0,2.0,3.0,3.0,3.0,3.0,3.75,2.7142857142857144,3.0,4.0,3.0,4.142857142857143,2.0,3.3333333333333335,3.5,2.6666666666666665
Indonesia,2.0,1.0,1.0,19.0,1.0,2.0,,,,,,,,,,,,1.0,,1.0,,1.0,,,,,,,,,,,,,,,,,,,,,,,,,,,,,,,,,,,,,,
Indonesia,1.0,1.0,2.0,19.0,2.0,2.0,4.0,5.0,3.0,3.0,,,,,,,3.0,4.0,5.0,3.0,3.0,2.0,3.0,2.0,2.0,5.0,1.0,4.0,4.0,3.0,3.0,3.0,3.0,3.0,2.0,2.0,3.0,4.0,4.0,4.0,4.0,4.0,4.0,4.0,3.0,3.0,3.0,3.0,2.0,3.0,3.75,,4.5,2.75,2.5,3.2857142857142856,2.3333333333333335,4.0,4.0,3.0
Indonesia,1.0,1.0,2.0,20.0,2.0,2.0,3.0,3.0,3.0,3.0,3.0,3.0,3.0,3.0,3.0,3.0,3.0,3.0,3.0,3.0,3.0,,2.0,5.0,4.0,5.0,1.0,3.0,3.0,3.0,3.0,3.0,3.0,3.0,3.0,2.0,2.0,2.0,3.0,2.0,3.0,3.0,3.0,3.0,3.0,3.0,3.0,3.0,3.0,3.0,3.0,3.0,3.0,,3.75,3.0,2.3333333333333335,2.3333333333333335,3.0,3.0
Indonesia,2.0,1.0,1.0,19.0,2.0,2.0,4.0,4.0,4.0,4.0,4.0,5.0,1.0,2.0,2.0,3.0,2.0,1.0,,2.0,3.0,2.0,2.0,5.0,2.0,5.0,2.0,4.0,4.0,2.0,2.0,3.0,2.0,2.0,1.0,2.0,1.0,3.0,2.0,1.0,3.0,2.0,2.0,3.0,2.0,2.0,4.0,2.0,2.0,3.0,4.0,2.7142857142857144,,2.25,3.5,2.7142857142857144,1.3333333333333333,2.0,2.5,2.6666666666666665
Indonesia,1.0,1.0,1.0,20.0,1.0,2.0,3.0,3.0,3.0,3.0,3.0,3.0,3.0,3.0,3.0,3.0,3.0,2.0,2.0,2.0,2.0,2.0,2.0,2.0,2.0,3.0,1.0,2.0,2.0,2.0,2.0,2.0,4.0,4.0,2.0,2.0,2.0,1.0,3.0,3.0,3.0,3.0,5.0,3.0,2.0,2.0,2.0,2.0,2.0,3.0,3.0,3.0,2.0,2.0,2.0,2.5714285714285716,2.0,2.3333333333333335,3.5,2.0
Indonesia,2.0,1.0,2.0,19.0,2.0,2.0,3.0,4.0,4.0,4.0,4.0,4.0,2.0,4.0,4.0,4.0,3.0,5.0,4.0,3.0,3.0,3.0,3.0,3.0,4.0,4.0,1.0,4.0,,3.0,3.0,4.0,4.0,4.0,2.0,2.0,2.0,4.0,4.0,2.0,4.0,4.0,4.0,3.0,2.0,2.0,3.0,4.0,4.0,3.0,3.75,3.5714285714285716,4.5,3.0,3.0,,2.0,3.3333333333333335,3.75,3.0
Indonesia,1.0,1.0,2.0,19.0,2.0,2.0,2.0,4.0,4.0,4.0,2.0,2.0,2.0,2.0,4.0,2.0,2.0,4.0,4.0,4.0,4.0,4.0,4.0,4.0,4.0,4.0,2.0,4.0,4.0,4.0,4.0,4.0,2.0,2.0,5.0,2.0,5.0,2.0,3.0,4.0,4.0,2.0,1.0,1.0,2.0,2.0,4.0,2.0,4.0,4.0,3.5,2.2857142857142856,4.0,4.0,3.5,3.4285714285714284,4.0,3.0,2.0,2.6666666666666665
Indonesia,1.0,1.0,,19.0,2.0,2.0,2.0,4.0,2.0,4.0,2.0,2.0,1.0,2.0,2.0,3.0,1.0,1.0,4.0,2.0,2.0,2.0,3.0,3.0,2.0,5.0,5.0,2.0,2.0,2.0,4.0,4.0,2.0,2.0,2.0,5.0,2.0,,2.0,1.0,3.0,4.0,4.0,1.0,5.0,1.0,4.0,2.0,2.0,2.0,3.0,1.8571428571428572,2.5,2.25,3.75,2.5714285714285716,3.0,,3.0,3.6666666666666665
Indonesia,1.0,1.0,2.0,19.0,2.0,2.0,3.0,3.0,4.0,4.0,2.0,3.0,2.0,3.0,4.0,3.0,3.0,4.0,4.0,4.0,4.0,4.0,3.0,,,,,,,,,,,,,,,,,,,,,,3.0,4.0,4.0,3.0,3.0,3.0,3.5,2.857142857142857,4.0,3.75,,,,,,3.3333333333333335
Indonesia,1.0,1.0,1.0,19.0,2.0,2.0,3.0,3.0,3.0,3.0,3.0,3.0,3.0,3.0,4.0,4.0,3.0,5.0,,2.0,3.0,2.0,3.0,2.0,2.0,2.0,1.0,3.0,3.0,3.0,3.0,3.0,3.0,3.0,4.0,4.0,5.0,5.0,5.0,5.0,3.0,3.0,2.0,2.0,4.0,3.0,3.0,3.0,3.0,3.0,3.0,3.2857142857142856,,2.5,1.75,3.0,4.333333333333333,5.0,2.5,3.3333333333333335
Indonesia,1.0,1.0,,20.0,2.0,2.0,3.0,3.0,3.0,3.0,3.0,3.0,3.0,4.0,3.0,3.0,3.0,1.0,2.0,3.0,3.0,3.0,3.0,1.0,1.0,3.0,1.0,2.0,2.0,2.0,2.0,4.0,2.0,2.0,2.0,2.0,3.0,2.0,3.0,1.0,3.0,3.0,2.0,3.0,4.0,3.0,3.0,3.0,1.0,3.0,3.0,3.142857142857143,1.5,3.0,1.5,2.2857142857142856,2.3333333333333335,2.0,2.75,3.3333333333333335
Indonesia,,,,,,,,,,,,,,,,,,,,,,,,,,,,,,,,,,,,,,,,,,,,,,,,,,,,,,,,,,,,
Indonesia,2.0,1.0,,20.0,1.0,2.0,1.0,3.0,3.0,3.0,3.0,3.0,3.0,3.0,3.0,3.0,3.0,2.0,2.0,3.0,3.0,3.0,3.0,4.0,3.0,4.0,1.0,4.0,3.0,3.0,3.0,4.0,3.0,3.0,4.0,2.0,2.0,4.0,3.0,3.0,4.0,5.0,4.0,3.0,3.0,3.0,3.0,3.0,3.0,3.0,2.5,3.0,2.0,3.0,3.0,3.2857142857142856,2.6666666666666665,3.3333333333333335,4.0,3.0
Indonesia,1.0,1.0,1.0,19.0,,,,,,,,,,,,,,,,,,,,,,,,,,,,,,,,,,,,,,,,,,,,,,,,,,,,,,,,
Indonesia,1.0,1.0,1.0,19.0,,2.0,,,,,,,,,,,,,,,,,,,,,,,,,,,,,,,,,,,,,,,,,,,,,,,,,,,,,,
Indonesia,,3.0,2.0,19.0,2.0,,,,,,,,,,,,,,,,,,,,,,,,,,,,,,,,,,,,,,,,,,,,,,,,,,,,,,,
Indonesia,2.0,1.0,1.0,19.0,2.0,1.0,,,,,,,,,,,,,,,,,,,,,,,,,,,,,5.0,4.0,4.0,2.0,5.0,1.0,4.0,2.0,4.0,2.0,,,,,,,,,,,,,4.333333333333333,2.6666666666666665,3.0,
Indonesia,1.0,1.0,2.0,19.0,2.0,2.0,4.0,4.0,5.0,4.0,3.0,4.0,4.0,4.0,4.0,4.0,4.0,1.0,3.0,2.0,2.0,2.0,1.0,4.0,3.0,4.0,2.0,4.0,4.0,4.0,2.0,4.0,4.0,4.0,5.0,1.0,3.0,3.0,2.0,3.0,1.0,1.0,3.0,2.0,2.0,3.0,4.0,3.0,3.0,4.0,4.25,3.857142857142857,2.0,1.75,3.25,3.7142857142857144,3.0,2.6666666666666665,1.75,3.0
Indonesia,1.0,1.0,2.0,19.0,2.0,2.0,3.0,4.0,4.0,2.0,2.0,3.0,4.0,4.0,4.0,5.0,3.0,5.0,3.0,5.0,3.0,5.0,4.0,5.0,5.0,5.0,2.0,3.0,4.0,1.0,1.0,4.0,5.0,4.0,5.0,1.0,4.0,4.0,5.0,3.0,5.0,4.0,5.0,3.0,1.0,1.0,3.0,4.0,5.0,3.0,3.25,3.5714285714285716,4.0,4.25,4.25,3.142857142857143,3.3333333333333335,4.0,4.25,2.6666666666666665
Indonesia,1.0,1.0,2.0,19.0,,2.0,2.0,3.0,3.0,3.0,3.0,2.0,2.0,2.0,3.0,3.0,2.0,2.0,2.0,2.0,2.0,2.0,2.0,5.0,5.0,5.0,3.0,5.0,5.0,3.0,3.0,5.0,5.0,5.0,5.0,2.0,2.0,1.0,1.0,1.0,3.0,3.0,3.0,3.0,2.0,1.0,3.0,2.0,2.0,3.0,2.75,2.4285714285714284,2.0,2.0,4.5,4.428571428571429,3.0,1.0,3.0,2.3333333333333335
Indonesia,2.0,1.0,2.0,21.0,2.0,2.0,4.0,4.0,3.0,4.0,1.0,3.0,2.0,2.0,4.0,4.0,4.0,2.0,2.0,2.0,2.0,4.0,1.0,2.0,4.0,4.0,1.0,2.0,3.0,3.0,3.0,3.0,3.0,3.0,3.0,3.0,3.0,2.0,2.0,2.0,4.0,2.0,4.0,2.0,2.0,1.0,2.0,2.0,2.0,2.0,3.75,2.857142857142857,2.0,2.25,2.75,2.857142857142857,3.0,2.0,3.0,2.0
Indonesia,1.0,1.0,2.0,20.0,1.0,,,,,,,,,,,,,,,,,,,,,,,,,,,,,,,,,,,,,,,,,,,,,,,,,,,,,,,
Indonesia,,,,19.0,2.0,,,,,,,,,,,,,,,,,,,,,,,,,,,,,,,,,,,,,,,,,,,,,,,,,,,,,,,
Indonesia,1.0,1.0,2.0,20.0,2.0,2.0,4.0,4.0,4.0,4.0,4.0,4.0,4.0,4.0,4.0,4.0,4.0,4.0,5.0,5.0,5.0,3.0,4.0,5.0,5.0,4.0,3.0,5.0,5.0,3.0,5.0,4.0,4.0,4.0,4.0,4.0,4.0,4.0,3.0,2.0,3.0,3.0,4.0,1.0,2.0,2.0,4.0,3.0,4.0,4.0,4.0,4.0,4.5,4.25,4.25,4.285714285714286,4.0,3.0,2.75,3.0
Indonesia,2.0,1.0,2.0,20.0,2.0,2.0,4.0,4.0,4.0,4.0,1.0,3.0,3.0,4.0,3.0,3.0,3.0,1.0,3.0,1.0,3.0,3.0,3.0,5.0,5.0,2.0,1.0,5.0,5.0,1.0,1.0,5.0,5.0,5.0,5.0,5.0,5.0,2.0,5.0,1.0,1.0,3.0,3.0,1.0,2.0,2.0,3.0,2.0,1.0,3.0,4.0,2.857142857142857,2.0,2.5,3.25,3.857142857142857,5.0,2.6666666666666665,2.0,2.3333333333333335
Indonesia,1.0,1.0,2.0,19.0,2.0,2.0,3.0,4.0,3.0,5.0,1.0,2.0,3.0,3.0,3.0,3.0,4.0,,3.0,,4.0,,4.0,1.0,5.0,2.0,1.0,3.0,3.0,2.0,2.0,4.0,4.0,3.0,2.0,2.0,4.0,3.0,4.0,3.0,2.0,2.0,3.0,1.0,4.0,3.0,4.0,3.0,2.0,3.0,3.75,2.7142857142857144,,,2.25,3.0,2.6666666666666665,3.3333333333333335,2.0,3.6666666666666665
Indonesia,1.0,1.0,2.0,19.0,2.0,2.0,3.0,3.0,3.0,3.0,3.0,,3.0,2.0,3.0,,,3.0,,3.0,,3.0,,1.0,1.0,5.0,1.0,5.0,4.0,2.0,2.0,4.0,3.0,3.0,5.0,3.0,5.0,4.0,3.0,3.0,2.0,2.0,1.0,3.0,4.0,2.0,4.0,4.0,4.0,2.0,3.0,,,,2.0,3.2857142857142856,4.333333333333333,3.3333333333333335,2.0,4.0
Indonesia,2.0,1.0,2.0,19.0,2.0,2.0,4.0,3.0,4.0,3.0,3.0,3.0,1.0,3.0,,3.0,3.0,,,2.0,2.0,3.0,3.0,5.0,5.0,5.0,5.0,4.0,4.0,2.0,3.0,4.0,4.0,4.0,5.0,5.0,5.0,3.0,3.0,2.0,3.0,2.0,4.0,2.0,3.0,3.0,4.0,2.0,2.0,2.0,3.5,,,2.5,5.0,3.5714285714285716,5.0,2.6666666666666665,2.75,3.0
Indonesia,1.0,1.0,2.0,19.0,2.0,2.0,5.0,5.0,4.0,5.0,3.0,3.0,3.0,4.0,5.0,3.0,3.0,4.0,4.0,4.0,5.0,3.0,3.0,2.0,3.0,1.0,1.0,5.0,4.0,5.0,5.0,5.0,3.0,3.0,5.0,5.0,5.0,1.0,5.0,2.0,3.0,4.0,3.0,4.0,5.0,4.0,4.0,4.0,3.0,5.0,4.75,3.4285714285714284,4.0,3.75,1.75,4.285714285714286,5.0,2.6666666666666665,3.5,4.333333333333333
Indonesia,1.0,1.0,1.0,19.0,1.0,2.0,5.0,5.0,5.0,5.0,2.0,3.0,3.0,4.0,4.0,3.0,4.0,2.0,2.0,2.0,2.0,4.0,4.0,5.0,3.0,5.0,1.0,5.0,5.0,3.0,3.0,5.0,5.0,4.0,2.0,3.0,3.0,5.0,5.0,5.0,2.0,2.0,2.0,2.0,2.0,4.0,3.0,4.0,1.0,3.0,5.0,3.2857142857142856,2.0,3.0,3.5,4.285714285714286,2.6666666666666665,5.0,2.0,3.0
Indonesia,1.0,1.0,1.0,20.0,2.0,2.0,4.0,4.0,4.0,4.0,3.0,3.0,1.0,1.0,3.0,2.0,2.0,2.0,2.0,2.0,2.0,2.0,2.0,3.0,3.0,3.0,1.0,3.0,3.0,3.0,3.0,3.0,4.0,3.0,,,,,,,,,,,2.0,1.0,4.0,2.0,2.0,3.0,4.0,2.142857142857143,2.0,2.0,2.5,3.142857142857143,,,,2.6666666666666665
Indonesia,2.0,1.0,2.0,19.0,2.0,2.0,4.0,4.0,4.0,4.0,2.0,2.0,2.0,2.0,2.0,2.0,2.0,2.0,2.0,2.0,2.0,2.0,2.0,1.0,3.0,2.0,1.0,3.0,3.0,3.0,3.0,3.0,3.0,3.0,3.0,3.0,3.0,3.0,3.0,3.0,3.0,3.0,3.0,3.0,4.0,2.0,4.0,2.0,1.0,2.0,4.0,2.0,2.0,2.0,1.75,3.0,3.0,3.0,3.0,3.3333333333333335
Indonesia,1.0,1.0,2.0,19.0,2.0,2.0,3.0,3.0,4.0,5.0,,4.0,4.0,5.0,4.0,5.0,5.0,3.0,3.0,5.0,5.0,5.0,5.0,5.0,5.0,5.0,,3.0,4.0,1.0,1.0,5.0,4.0,5.0,4.0,5.0,4.0,5.0,4.0,4.0,5.0,5.0,5.0,2.0,4.0,2.0,4.0,3.0,5.0,3.0,3.75,,3.0,5.0,,3.2857142857142856,4.333333333333333,4.333333333333333,4.25,3.6666666666666665
Indonesia,,,,,,,,,,,,,,,,,,,,,,,,,,,,,,,,,,,,,,,,,,,,,,,,,,,,,,,,,,,,
Indonesia,1.0,1.0,2.0,19.0,2.0,1.0,,,,,,,,,,,,,,,,,,,,,,,,,,,,,5.0,5.0,5.0,4.0,3.0,5.0,4.0,4.0,3.0,3.0,,,,,,,,,,,,,5.0,4.0,3.5,
Indonesia,1.0,1.0,2.0,19.0,2.0,2.0,3.0,3.0,3.0,3.0,3.0,3.0,3.0,3.0,3.0,3.0,3.0,2.0,2.0,2.0,2.0,2.0,2.0,4.0,4.0,5.0,1.0,3.0,3.0,3.0,2.0,3.0,3.0,3.0,5.0,5.0,5.0,4.0,5.0,1.0,4.0,4.0,4.0,4.0,2.0,4.0,2.0,2.0,2.0,3.0,3.0,3.0,2.0,2.0,3.5,2.857142857142857,5.0,3.3333333333333335,4.0,2.0
Indonesia,2.0,1.0,1.0,19.0,2.0,2.0,4.0,4.0,4.0,4.0,1.0,2.0,2.0,3.0,3.0,2.0,2.0,2.0,2.0,3.0,3.0,3.0,3.0,2.0,2.0,5.0,3.0,3.0,3.0,2.0,3.0,3.0,3.0,2.0,3.0,4.0,4.0,2.0,5.0,5.0,3.0,4.0,2.0,2.0,2.0,2.0,3.0,2.0,1.0,2.0,4.0,2.142857142857143,2.0,3.0,3.0,2.7142857142857144,3.6666666666666665,4.0,2.75,2.3333333333333335
Indonesia,1.0,1.0,2.0,19.0,2.0,1.0,,,,,,,,,,,,,,,,,,,,,,,,,,,,,5.0,5.0,5.0,3.0,5.0,1.0,2.0,2.0,3.0,3.0,,,,,,,,,,,,,5.0,3.0,2.5,
Indonesia,2.0,1.0,3.0,19.0,2.0,2.0,3.0,2.0,2.0,3.0,3.0,3.0,3.0,3.0,3.0,3.0,3.0,3.0,3.0,3.0,3.0,3.0,3.0,2.0,2.0,2.0,2.0,,,,,,,,2.0,1.0,5.0,5.0,5.0,5.0,5.0,4.0,2.0,2.0,3.0,3.0,3.0,3.0,3.0,3.0,2.5,3.0,3.0,3.0,2.0,,2.6666666666666665,5.0,3.25,3.0
Indonesia,2.0,1.0,2.0,20.0,2.0,2.0,4.0,4.0,4.0,4.0,2.0,3.0,2.0,2.0,4.0,4.0,3.0,3.0,2.0,4.0,4.0,2.0,3.0,4.0,2.0,5.0,1.0,4.0,4.0,4.0,4.0,4.0,4.0,4.0,3.0,4.0,4.0,3.0,3.0,3.0,4.0,4.0,4.0,3.0,2.0,2.0,2.0,2.0,4.0,3.0,4.0,2.857142857142857,2.5,3.25,3.0,4.0,3.6666666666666665,3.0,3.75,2.0
Indonesia,2.0,1.0,1.0,19.0,2.0,2.0,4.0,4.0,4.0,4.0,2.0,3.0,3.0,3.0,2.0,3.0,3.0,3.0,3.0,3.0,3.0,3.0,3.0,1.0,5.0,2.0,2.0,1.0,3.0,3.0,3.0,3.0,1.0,3.0,2.0,2.0,2.0,5.0,5.0,3.0,3.0,3.0,3.0,3.0,2.0,2.0,2.0,2.0,2.0,4.0,4.0,2.7142857142857144,3.0,3.0,2.5,2.4285714285714284,2.0,4.333333333333333,3.0,2.0
Indonesia,1.0,1.0,1.0,20.0,1.0,2.0,3.0,4.0,4.0,4.0,4.0,3.0,3.0,3.0,4.0,3.0,3.0,3.0,4.0,3.0,3.0,2.0,2.0,5.0,5.0,5.0,1.0,4.0,3.0,2.0,4.0,4.0,4.0,4.0,3.0,2.0,2.0,1.0,3.0,1.0,3.0,2.0,2.0,1.0,2.0,3.0,2.0,4.0,3.0,4.0,3.75,3.2857142857142856,3.5,2.5,4.0,3.5714285714285716,2.3333333333333335,1.6666666666666667,2.0,2.6666666666666665
Indonesia,1.0,1.0,1.0,19.0,2.0,2.0,4.0,3.0,2.0,3.0,2.0,3.0,2.0,3.0,3.0,3.0,3.0,,,2.0,2.0,2.0,2.0,5.0,3.0,5.0,3.0,2.0,5.0,5.0,2.0,2.0,3.0,3.0,3.0,2.0,2.0,3.0,,3.0,1.0,1.0,3.0,3.0,3.0,2.0,3.0,3.0,3.0,2.0,3.0,2.7142857142857144,,2.0,4.0,3.142857142857143,2.3333333333333335,,2.0,3.0
Indonesia,1.0,1.0,1.0,21.0,2.0,,,,,,,,,,,,,,,,,,,,,,,,,,,,,,,,,,,,,,,,,,,,,,,,,,,,,,,
Indonesia,1.0,1.0,1.0,21.0,2.0,2.0,4.0,4.0,3.0,5.0,2.0,3.0,2.0,3.0,4.0,3.0,3.0,3.0,2.0,3.0,3.0,4.0,4.0,4.0,3.0,4.0,1.0,3.0,3.0,3.0,2.0,4.0,4.0,3.0,3.0,5.0,3.0,3.0,5.0,3.0,4.0,4.0,4.0,4.0,4.0,3.0,3.0,3.0,2.0,3.0,4.0,2.857142857142857,2.5,3.5,3.0,3.142857142857143,3.6666666666666665,3.6666666666666665,4.0,3.3333333333333335
Indonesia,1.0,1.0,2.0,20.0,2.0,,,,,,,,,,,,,,,,,,,,,,,,,,,,,,,,,,,,,,,,,,,,,,,,,,,,,,,
Indonesia,1.0,1.0,4.0,19.0,2.0,1.0,,,,,,,,,,,,,,,,,,,,,,,,,,,,,2.0,2.0,2.0,3.0,3.0,3.0,4.0,3.0,3.0,3.0,,,,,,,,,,,,,2.0,3.0,3.25,
Indonesia,1.0,1.0,1.0,19.0,2.0,2.0,3.0,4.0,4.0,3.0,2.0,3.0,2.0,3.0,3.0,3.0,3.0,2.0,,2.0,2.0,1.0,2.0,5.0,5.0,5.0,2.0,4.0,4.0,3.0,3.0,3.0,4.0,3.0,3.0,3.0,3.0,2.0,2.0,2.0,4.0,2.0,3.0,3.0,2.0,2.0,3.0,3.0,3.0,3.0,3.5,2.7142857142857144,,1.75,4.25,3.4285714285714284,3.0,2.0,3.0,2.6666666666666665
Indonesia,,,,20.0,2.0,2.0,3.0,4.0,3.0,3.0,3.0,3.0,3.0,2.0,3.0,3.0,3.0,3.0,4.0,3.0,3.0,3.0,3.0,1.0,3.0,5.0,1.0,3.0,3.0,3.0,3.0,3.0,3.0,3.0,4.0,4.0,4.0,3.0,3.0,4.0,3.0,1.0,3.0,3.0,3.0,3.0,4.0,4.0,4.0,3.0,3.25,2.857142857142857,3.5,3.0,2.5,3.0,4.0,3.3333333333333335,2.5,3.6666666666666665
Indonesia,2.0,1.0,2.0,20.0,2.0,2.0,4.0,4.0,3.0,4.0,1.0,,2.0,2.0,,,2.0,3.0,2.0,1.0,,,,,,,,,,,,,,,,,,,,,,,,,2.0,2.0,4.0,2.0,,2.0,3.75,,2.5,,,,,,,2.6666666666666665
Indonesia,1.0,1.0,2.0,19.0,2.0,2.0,3.0,3.0,3.0,3.0,3.0,2.0,2.0,2.0,3.0,3.0,3.0,3.0,3.0,3.0,3.0,3.0,3.0,3.0,3.0,3.0,1.0,3.0,3.0,3.0,3.0,3.0,3.0,3.0,2.0,2.0,2.0,3.0,3.0,3.0,3.0,3.0,3.0,3.0,3.0,3.0,4.0,3.0,3.0,2.0,3.0,2.5714285714285716,3.0,3.0,2.5,3.0,2.0,3.0,3.0,3.3333333333333335
Indonesia,1.0,1.0,2.0,19.0,2.0,1.0,,,,,,,,,,,,,,,,,,,,,,,,,,,,,2.0,3.0,4.0,2.0,4.0,2.0,4.0,3.0,3.0,3.0,,,,,,,,,,,,,3.0,2.6666666666666665,3.25,
Indonesia,2.0,1.0,1.0,20.0,2.0,1.0,,,,,,,,,,,,,,,,,,,,,,,,,,,,,2.0,2.0,2.0,2.0,2.0,1.0,2.0,2.0,2.0,2.0,,,,,,,,,,,,,2.0,1.6666666666666667,2.0,
Indonesia,1.0,1.0,1.0,21.0,2.0,1.0,,,,,,,,,,,,,,,,,,,,,,,,,,,,,4.0,5.0,5.0,3.0,4.0,3.0,5.0,4.0,5.0,4.0,,,,,,,,,,,,,4.666666666666667,3.3333333333333335,4.5,
Indonesia,1.0,1.0,2.0,19.0,2.0,2.0,3.0,3.0,3.0,3.0,1.0,3.0,2.0,2.0,3.0,3.0,3.0,3.0,3.0,3.0,3.0,3.0,3.0,1.0,3.0,3.0,1.0,4.0,4.0,3.0,3.0,4.0,4.0,3.0,2.0,3.0,3.0,1.0,3.0,3.0,3.0,3.0,2.0,1.0,3.0,3.0,4.0,3.0,3.0,3.0,3.0,2.4285714285714284,3.0,3.0,2.0,3.5714285714285716,2.6666666666666665,2.3333333333333335,2.25,3.3333333333333335
Indonesia,1.0,1.0,2.0,20.0,1.0,2.0,3.0,3.0,3.0,3.0,3.0,3.0,3.0,3.0,3.0,3.0,3.0,,3.0,3.0,3.0,4.0,3.0,4.0,3.0,4.0,4.0,4.0,4.0,2.0,2.0,5.0,4.0,4.0,4.0,3.0,3.0,5.0,2.0,4.0,4.0,5.0,1.0,3.0,3.0,3.0,3.0,3.0,3.0,3.0,3.0,3.0,,3.25,3.75,3.5714285714285716,3.3333333333333335,3.6666666666666665,3.25,3.0
Indonesia,1.0,1.0,2.0,20.0,2.0,2.0,3.0,3.0,3.0,3.0,3.0,,3.0,3.0,5.0,,3.0,,,3.0,3.0,3.0,3.0,5.0,5.0,3.0,1.0,5.0,4.0,4.0,3.0,4.0,3.0,3.0,5.0,5.0,5.0,3.0,5.0,5.0,4.0,3.0,2.0,1.0,2.0,2.0,3.0,3.0,3.0,3.0,3.0,,,3.0,3.5,3.7142857142857144,5.0,4.333333333333333,2.5,2.6666666666666665
Indonesia,1.0,1.0,1.0,19.0,2.0,2.0,,,,,,,,,,,,2.0,2.0,2.0,2.0,2.0,2.0,,,,,,,,,,,,,,,,,,,,,,,,,,,,,,2.0,2.0,,,,,,
Indonesia,1.0,1.0,2.0,19.0,2.0,2.0,3.0,3.0,4.0,3.0,2.0,3.0,2.0,3.0,3.0,3.0,3.0,3.0,3.0,3.0,3.0,3.0,4.0,2.0,3.0,5.0,2.0,3.0,3.0,3.0,3.0,4.0,3.0,3.0,2.0,1.0,2.0,4.0,4.0,3.0,3.0,3.0,3.0,3.0,3.0,5.0,4.0,3.0,3.0,3.0,3.25,2.7142857142857144,3.0,3.25,3.0,3.142857142857143,1.6666666666666667,3.6666666666666665,3.0,3.3333333333333335
Indonesia,1.0,1.0,2.0,19.0,2.0,2.0,,,,,,,,,,,,,,4.0,4.0,2.0,2.0,,,,,,,,,,,,,,,,,,,,,,,,,,,,,,,3.0,,,,,,
Indonesia,2.0,1.0,1.0,19.0,2.0,,,,,,,,,,,,,,,,,,,,,,,,,,,,,,,,,,,,,,,,,,,,,,,,,,,,,,,
Indonesia,1.0,1.0,1.0,,2.0,2.0,4.0,4.0,3.0,4.0,2.0,1.0,1.0,4.0,2.0,3.0,3.0,2.0,2.0,2.0,2.0,2.0,2.0,3.0,2.0,3.0,3.0,4.0,4.0,4.0,4.0,3.0,4.0,4.0,2.0,1.0,4.0,1.0,2.0,2.0,5.0,4.0,3.0,1.0,2.0,2.0,2.0,5.0,4.0,1.0,3.75,2.2857142857142856,2.0,2.0,2.75,3.857142857142857,2.3333333333333335,1.6666666666666667,3.25,3.0
Indonesia,1.0,1.0,2.0,,2.0,2.0,3.0,3.0,4.0,5.0,4.0,4.0,2.0,4.0,4.0,4.0,4.0,3.0,4.0,4.0,3.0,5.0,4.0,4.0,4.0,5.0,4.0,4.0,3.0,3.0,2.0,5.0,4.0,4.0,4.0,3.0,3.0,1.0,5.0,2.0,3.0,3.0,4.0,2.0,4.0,3.0,3.0,2.0,1.0,3.0,3.75,3.7142857142857144,3.5,4.0,4.25,3.5714285714285716,3.3333333333333335,2.6666666666666665,3.0,3.0
Indonesia,,,,19.0,2.0,2.0,3.0,3.0,3.0,3.0,3.0,3.0,3.0,3.0,3.0,3.0,3.0,1.0,3.0,1.0,3.0,3.0,3.0,3.0,3.0,5.0,3.0,3.0,4.0,3.0,3.0,4.0,4.0,3.0,3.0,3.0,3.0,3.0,3.0,5.0,3.0,3.0,3.0,3.0,3.0,3.0,3.0,3.0,3.0,3.0,3.0,3.0,2.0,2.5,3.5,3.4285714285714284,3.0,3.6666666666666665,3.0,3.0
Indonesia,2.0,1.0,2.0,20.0,2.0,2.0,4.0,4.0,3.0,3.0,4.0,2.0,2.0,,,2.0,2.0,3.0,4.0,,,3.0,2.0,4.0,4.0,5.0,2.0,3.0,4.0,3.0,3.0,4.0,3.0,4.0,4.0,3.0,3.0,3.0,3.0,4.0,2.0,2.0,4.0,4.0,2.0,3.0,4.0,2.0,2.0,3.0,3.5,,3.5,,3.75,3.4285714285714284,3.3333333333333335,3.3333333333333335,3.0,2.6666666666666665
Indonesia,1.0,1.0,2.0,20.0,2.0,1.0,,,,,,,,,,,,,,,,,,,,,,,,,,,,,5.0,5.0,5.0,5.0,5.0,5.0,1.0,1.0,1.0,1.0,,,,,,,,,,,,,5.0,5.0,1.0,
Indonesia,1.0,1.0,1.0,19.0,2.0,2.0,5.0,5.0,4.0,4.0,2.0,2.0,2.0,5.0,4.0,2.0,2.0,2.0,2.0,2.0,2.0,2.0,2.0,4.0,3.0,5.0,4.0,2.0,2.0,2.0,4.0,4.0,4.0,4.0,4.0,5.0,5.0,2.0,1.0,3.0,5.0,5.0,4.0,5.0,2.0,2.0,4.0,2.0,1.0,4.0,4.5,2.7142857142857144,2.0,2.0,4.0,3.142857142857143,4.666666666666667,2.0,4.75,2.6666666666666665
Indonesia,2.0,1.0,1.0,19.0,2.0,2.0,4.0,4.0,4.0,4.0,4.0,4.0,2.0,2.0,4.0,2.0,4.0,2.0,2.0,2.0,5.0,4.0,5.0,5.0,3.0,5.0,5.0,4.0,4.0,4.0,3.0,4.0,4.0,4.0,5.0,5.0,5.0,4.0,5.0,3.0,4.0,4.0,4.0,4.0,2.0,2.0,4.0,4.0,2.0,4.0,4.0,3.142857142857143,2.0,4.0,4.5,3.857142857142857,5.0,4.0,4.0,3.3333333333333335
Indonesia,1.0,1.0,1.0,22.0,1.0,2.0,3.0,4.0,3.0,4.0,1.0,1.0,1.0,,2.0,1.0,5.0,,2.0,,,2.0,4.0,5.0,5.0,5.0,5.0,4.0,4.0,3.0,1.0,4.0,4.0,4.0,3.0,3.0,2.0,2.0,2.0,3.0,4.0,4.0,4.0,3.0,2.0,2.0,3.0,2.0,1.0,2.0,3.5,,,,5.0,3.4285714285714284,2.6666666666666665,2.3333333333333335,3.75,2.3333333333333335
Indonesia,1.0,1.0,2.0,20.0,4.0,2.0,3.0,3.0,3.0,3.0,3.0,3.0,3.0,3.0,3.0,3.0,3.0,3.0,3.0,3.0,3.0,3.0,3.0,3.0,2.0,2.0,1.0,3.0,3.0,3.0,3.0,3.0,3.0,3.0,4.0,3.0,4.0,3.0,3.0,3.0,5.0,2.0,3.0,3.0,3.0,3.0,3.0,3.0,3.0,3.0,3.0,3.0,3.0,3.0,2.0,3.0,3.6666666666666665,3.0,3.25,3.0
Indonesia,2.0,1.0,,19.0,2.0,3.0,,,,,,,,,,,,,,,,,,,,,,,,,,,,,2.0,1.0,2.0,3.0,5.0,1.0,3.0,3.0,3.0,1.0,,,,,,,,,,,,,1.6666666666666667,3.0,2.5,
Indonesia,1.0,1.0,2.0,19.0,2.0,2.0,3.0,5.0,4.0,4.0,4.0,2.0,1.0,1.0,2.0,2.0,2.0,3.0,3.0,4.0,3.0,3.0,4.0,3.0,3.0,3.0,1.0,4.0,3.0,3.0,3.0,3.0,3.0,3.0,2.0,1.0,2.0,3.0,5.0,3.0,3.0,3.0,3.0,3.0,2.0,2.0,2.0,1.0,2.0,3.0,4.0,2.0,3.0,3.5,2.5,3.142857142857143,1.6666666666666667,3.6666666666666665,3.0,1.6666666666666667
Indonesia,1.0,1.0,2.0,19.0,2.0,1.0,,,,,,,,,,,,,,,,,,,,,,,,,,,,,,,,,,,,,,,,,,,,,,,,,,,,,,
Indonesia,1.0,1.0,2.0,19.0,2.0,2.0,5.0,5.0,5.0,5.0,3.0,3.0,3.0,3.0,3.0,3.0,3.0,,3.0,3.0,3.0,3.0,3.0,1.0,1.0,5.0,1.0,3.0,3.0,3.0,2.0,3.0,3.0,3.0,,,,,,,,,,,3.0,3.0,3.0,4.0,3.0,3.0,5.0,3.0,,3.0,2.0,2.857142857142857,,,,3.3333333333333335
Indonesia,1.0,1.0,2.0,19.0,2.0,2.0,4.0,4.0,4.0,4.0,3.0,3.0,3.0,4.0,3.0,4.0,4.0,,,4.0,4.0,2.0,2.0,4.0,2.0,5.0,1.0,4.0,3.0,2.0,2.0,3.0,3.0,3.0,5.0,3.0,3.0,4.0,5.0,2.0,3.0,2.0,4.0,1.0,4.0,4.0,4.0,3.0,3.0,3.0,4.0,3.4285714285714284,,3.0,3.0,2.857142857142857,3.6666666666666665,3.6666666666666665,2.5,3.6666666666666665
Indonesia,1.0,2.0,2.0,20.0,2.0,2.0,3.0,4.0,4.0,4.0,3.0,3.0,3.0,3.0,3.0,3.0,3.0,3.0,3.0,3.0,3.0,3.0,3.0,3.0,2.0,4.0,2.0,3.0,3.0,3.0,3.0,4.0,4.0,3.0,3.0,1.0,1.0,3.0,3.0,3.0,3.0,3.0,3.0,3.0,3.0,3.0,3.0,3.0,3.0,4.0,3.75,3.0,3.0,3.0,2.75,3.2857142857142856,1.6666666666666667,3.0,3.0,3.0
Indonesia,1.0,1.0,2.0,,2.0,2.0,3.0,4.0,4.0,2.0,,,,,,,,,,,4.0,,3.0,,,,,,,,,,,,,,,,,,,,,,,,,,,,3.25,,,,,,,,,
Indonesia,1.0,1.0,,,2.0,2.0,3.0,2.0,4.0,4.0,2.0,3.0,2.0,,3.0,2.0,,2.0,3.0,4.0,3.0,5.0,4.0,3.0,4.0,5.0,2.0,4.0,3.0,3.0,2.0,4.0,4.0,2.0,3.0,5.0,5.0,3.0,2.0,3.0,4.0,2.0,3.0,2.0,4.0,3.0,3.0,3.0,3.0,3.0,3.25,,2.5,4.0,3.5,3.142857142857143,4.333333333333333,2.6666666666666665,2.75,3.3333333333333335
Indonesia,1.0,1.0,2.0,19.0,2.0,2.0,4.0,3.0,3.0,3.0,1.0,3.0,2.0,2.0,3.0,3.0,3.0,3.0,3.0,3.0,3.0,3.0,3.0,1.0,2.0,3.0,1.0,4.0,4.0,3.0,3.0,4.0,4.0,3.0,2.0,3.0,3.0,1.0,2.0,3.0,3.0,2.0,2.0,1.0,3.0,4.0,4.0,3.0,2.0,2.0,3.25,2.4285714285714284,3.0,3.0,1.75,3.5714285714285716,2.6666666666666665,2.0,2.0,3.3333333333333335
Indonesia,1.0,1.0,2.0,19.0,2.0,2.0,4.0,3.0,3.0,3.0,3.0,3.0,3.0,,3.0,3.0,3.0,3.0,3.0,5.0,5.0,4.0,3.0,4.0,1.0,5.0,3.0,4.0,3.0,3.0,3.0,4.0,3.0,3.0,2.0,2.0,1.0,3.0,5.0,2.0,1.0,2.0,2.0,1.0,3.0,3.0,3.0,3.0,3.0,3.0,3.25,,3.0,4.25,3.25,3.2857142857142856,1.6666666666666667,3.3333333333333335,1.5,3.0
Indonesia,2.0,1.0,2.0,20.0,2.0,2.0,3.0,3.0,3.0,3.0,3.0,3.0,3.0,2.0,3.0,3.0,3.0,3.0,3.0,3.0,4.0,5.0,4.0,1.0,3.0,3.0,2.0,3.0,2.0,2.0,3.0,3.0,3.0,3.0,2.0,1.0,3.0,3.0,3.0,3.0,3.0,1.0,3.0,3.0,3.0,2.0,4.0,3.0,3.0,3.0,3.0,2.857142857142857,3.0,4.0,2.25,2.7142857142857144,2.0,3.0,2.5,3.3333333333333335
Indonesia,1.0,2.0,2.0,,2.0,2.0,3.0,3.0,3.0,3.0,,,,,,3.0,3.0,3.0,3.0,3.0,3.0,3.0,3.0,4.0,4.0,4.0,1.0,4.0,3.0,3.0,3.0,3.0,3.0,3.0,3.0,2.0,3.0,4.0,4.0,4.0,4.0,4.0,4.0,1.0,3.0,3.0,3.0,3.0,,3.0,3.0,,3.0,3.0,3.25,3.142857142857143,2.6666666666666665,4.0,3.25,3.0
Indonesia,1.0,1.0,2.0,19.0,2.0,2.0,3.0,3.0,3.0,3.0,3.0,2.0,3.0,2.0,3.0,,3.0,2.0,,2.0,3.0,2.0,,3.0,1.0,5.0,1.0,4.0,4.0,2.0,2.0,4.0,2.0,2.0,2.0,2.0,2.0,3.0,3.0,3.0,3.0,3.0,3.0,3.0,3.0,3.0,3.0,3.0,,3.0,3.0,,,,2.5,2.857142857142857,2.0,3.0,3.0,3.0
Indonesia,1.0,1.0,2.0,19.0,2.0,2.0,4.0,4.0,3.0,4.0,3.0,3.0,3.0,,4.0,4.0,,3.0,3.0,4.0,4.0,4.0,4.0,5.0,3.0,5.0,3.0,3.0,2.0,2.0,2.0,4.0,3.0,3.0,1.0,1.0,2.0,3.0,3.0,4.0,1.0,3.0,1.0,2.0,4.0,2.0,3.0,3.0,3.0,4.0,3.75,,3.0,4.0,4.0,2.7142857142857144,1.3333333333333333,3.3333333333333335,1.75,3.3333333333333335
Indonesia,1.0,3.0,1.0,19.0,2.0,2.0,3.0,3.0,3.0,3.0,3.0,3.0,3.0,3.0,3.0,3.0,3.0,3.0,3.0,3.0,3.0,3.0,3.0,3.0,5.0,3.0,1.0,1.0,1.0,3.0,3.0,1.0,1.0,1.0,2.0,2.0,2.0,4.0,3.0,3.0,3.0,3.0,3.0,3.0,3.0,3.0,3.0,3.0,3.0,3.0,3.0,3.0,3.0,3.0,3.0,1.5714285714285714,2.0,3.3333333333333335,3.0,3.0
Indonesia,1.0,1.0,2.0,19.0,2.0,2.0,3.0,3.0,4.0,4.0,3.0,3.0,3.0,3.0,4.0,2.0,3.0,,,4.0,,3.0,,3.0,5.0,5.0,2.0,4.0,4.0,2.0,2.0,4.0,1.0,1.0,1.0,4.0,2.0,3.0,5.0,5.0,3.0,3.0,3.0,3.0,3.0,3.0,3.0,3.0,4.0,2.0,3.5,3.0,,,3.75,2.5714285714285716,2.3333333333333335,4.333333333333333,3.0,3.0
Indonesia,1.0,1.0,2.0,19.0,2.0,2.0,3.0,3.0,4.0,3.0,2.0,3.0,3.0,3.0,3.0,3.0,3.0,3.0,3.0,4.0,3.0,3.0,4.0,5.0,5.0,5.0,5.0,4.0,4.0,4.0,3.0,4.0,3.0,3.0,3.0,3.0,3.0,3.0,4.0,3.0,2.0,2.0,2.0,3.0,2.0,2.0,3.0,2.0,3.0,3.0,3.25,2.857142857142857,3.0,3.5,5.0,3.5714285714285716,3.0,3.3333333333333335,2.25,2.3333333333333335
Indonesia,2.0,1.0,2.0,20.0,2.0,1.0,,,,,,,,,,,,,,,,,,,,,,,,,,,,,2.0,2.0,4.0,3.0,5.0,5.0,3.0,1.0,3.0,3.0,,,,,,,,,,,,,2.6666666666666665,4.333333333333333,2.5,
Indonesia,1.0,1.0,2.0,18.0,2.0,2.0,2.0,2.0,3.0,4.0,2.0,2.0,1.0,2.0,4.0,3.0,2.0,3.0,3.0,4.0,3.0,3.0,3.0,1.0,3.0,3.0,1.0,4.0,4.0,3.0,2.0,4.0,4.0,4.0,3.0,3.0,3.0,3.0,5.0,3.0,3.0,3.0,3.0,1.0,2.0,3.0,4.0,3.0,2.0,2.0,2.75,2.2857142857142856,3.0,3.25,2.0,3.5714285714285716,3.0,3.6666666666666665,2.5,3.0
Indonesia,1.0,1.0,1.0,19.0,2.0,2.0,3.0,3.0,3.0,4.0,4.0,3.0,3.0,2.0,2.0,2.0,3.0,3.0,3.0,4.0,4.0,3.0,3.0,1.0,3.0,4.0,1.0,3.0,3.0,3.0,3.0,4.0,3.0,3.0,4.0,4.0,2.0,2.0,2.0,2.0,3.0,2.0,2.0,2.0,3.0,3.0,4.0,3.0,3.0,4.0,3.25,2.7142857142857144,3.0,3.5,2.25,3.142857142857143,3.3333333333333335,2.0,2.25,3.3333333333333335
Indonesia,1.0,1.0,2.0,19.0,2.0,1.0,,,,,,,,,,,,,,,,,,,,,,,,,,,,,3.0,2.0,3.0,3.0,4.0,3.0,2.0,2.0,2.0,1.0,,,,,,,,,,,,,2.6666666666666665,3.3333333333333335,1.75,
Indonesia,2.0,1.0,,20.0,2.0,1.0,,,,,,,,,,,,,,,,,,,,,,,,,,,,,3.0,2.0,3.0,3.0,4.0,2.0,3.0,3.0,2.0,2.0,,,,,,,,,,,,,2.6666666666666665,3.0,2.5,
Indonesia,2.0,1.0,1.0,19.0,1.0,2.0,4.0,4.0,4.0,4.0,4.0,4.0,3.0,4.0,4.0,3.0,3.0,,,4.0,4.0,4.0,4.0,5.0,5.0,3.0,1.0,4.0,4.0,2.0,2.0,4.0,4.0,4.0,3.0,3.0,2.0,3.0,3.0,2.0,3.0,3.0,3.0,1.0,2.0,3.0,4.0,4.0,4.0,4.0,4.0,3.5714285714285716,,4.0,3.5,3.4285714285714284,2.6666666666666665,2.6666666666666665,2.5,3.3333333333333335
Indonesia,1.0,1.0,2.0,20.0,2.0,2.0,4.0,4.0,4.0,2.0,3.0,2.0,2.0,2.0,3.0,3.0,2.0,,,1.0,1.0,1.0,3.0,3.0,3.0,1.0,1.0,4.0,3.0,2.0,2.0,2.0,4.0,3.0,2.0,2.0,2.0,1.0,1.0,4.0,3.0,3.0,3.0,3.0,2.0,4.0,4.0,4.0,2.0,2.0,3.5,2.4285714285714284,,1.5,2.0,2.857142857142857,2.0,2.0,3.0,3.3333333333333335
Indonesia,1.0,1.0,,20.0,2.0,,,,,,,,,,,,,,,,,,,,,,,,,,,,,,,,,,,,,,,,,,,,,,,,,,,,,,,
Indonesia,1.0,1.0,2.0,19.0,2.0,2.0,3.0,3.0,3.0,2.0,3.0,3.0,3.0,3.0,4.0,3.0,3.0,,,4.0,4.0,4.0,4.0,,,,,,,,,,,,,,,,,,,,,,,,,,2.0,3.0,2.75,3.142857142857143,,4.0,,,,,,
Indonesia,2.0,1.0,2.0,19.0,2.0,,,,,,,,,,,,,,,,,,,,,,,,,,,,,,,,,,,,,,,,,,,,,,,,,,,,,,,
Indonesia,1.0,1.0,2.0,19.0,2.0,2.0,3.0,4.0,4.0,3.0,2.0,3.0,3.0,3.0,3.0,3.0,3.0,3.0,2.0,3.0,3.0,3.0,3.0,5.0,3.0,3.0,1.0,3.0,3.0,3.0,3.0,4.0,4.0,3.0,5.0,5.0,5.0,3.0,3.0,3.0,3.0,3.0,3.0,3.0,2.0,1.0,2.0,3.0,3.0,3.0,3.5,2.857142857142857,2.5,3.0,3.0,3.2857142857142856,5.0,3.0,3.0,2.3333333333333335
Indonesia,1.0,1.0,2.0,19.0,2.0,2.0,3.0,3.0,3.0,3.0,3.0,3.0,3.0,3.0,4.0,3.0,3.0,,,4.0,3.0,4.0,4.0,,,,,,,,,,,,,,,,,,,,,,3.0,3.0,4.0,3.0,2.0,3.0,3.0,3.142857142857143,,3.75,,,,,,3.3333333333333335
Indonesia,1.0,2.0,,19.0,2.0,,,,,,,,,,,,,,,,,,,,,,,,,,,,,,,,,,,,,,,,,,,,,,,,,,,,,,,
Indonesia,2.0,1.0,,19.0,2.0,2.0,1.0,2.0,2.0,1.0,2.0,1.0,1.0,1.0,1.0,1.0,1.0,1.0,4.0,1.0,2.0,1.0,1.0,1.0,1.0,1.0,1.0,1.0,1.0,1.0,1.0,1.0,1.0,1.0,1.0,1.0,1.0,1.0,1.0,1.0,1.0,1.0,1.0,1.0,1.0,5.0,1.0,1.0,1.0,1.0,1.5,1.1428571428571428,2.5,1.25,1.0,1.0,1.0,1.0,1.0,1.0
Indonesia,1.0,1.0,,,1.0,2.0,1.0,2.0,2.0,1.0,2.0,3.0,2.0,1.0,2.0,1.0,2.0,2.0,1.0,1.0,2.0,2.0,3.0,1.0,2.0,2.0,1.0,3.0,3.0,2.0,1.0,1.0,2.0,1.0,2.0,2.0,4.0,1.0,2.0,3.0,3.0,2.0,5.0,2.0,1.0,5.0,1.0,1.0,1.0,1.0,1.5,1.8571428571428572,1.5,2.0,1.5,1.8571428571428572,2.6666666666666665,2.0,3.0,1.0
Indonesia,1.0,1.0,2.0,19.0,2.0,2.0,2.0,3.0,3.0,3.0,3.0,3.0,3.0,3.0,3.0,3.0,3.0,,,4.0,3.0,4.0,3.0,1.0,2.0,4.0,3.0,4.0,4.0,3.0,3.0,3.0,3.0,3.0,1.0,1.0,3.0,2.0,2.0,2.0,3.0,1.0,2.0,2.0,3.0,3.0,3.0,2.0,2.0,3.0,2.75,3.0,,3.5,2.5,3.2857142857142856,1.6666666666666667,2.0,2.0,2.6666666666666665
Indonesia,2.0,3.0,1.0,,2.0,1.0,,,,,,,,,,,,,,,,,,,,,,,,,,,,,,,,,,,,,,,,,,,,,,,,,,,,,,
Indonesia,1.0,1.0,,18.0,2.0,2.0,5.0,5.0,5.0,4.0,4.0,3.0,2.0,3.0,3.0,2.0,2.0,4.0,,4.0,4.0,4.0,4.0,5.0,4.0,5.0,1.0,4.0,3.0,4.0,2.0,4.0,4.0,4.0,5.0,2.0,2.0,3.0,5.0,3.0,3.0,3.0,3.0,3.0,4.0,4.0,4.0,2.0,2.0,2.0,4.75,2.7142857142857144,,4.0,3.75,3.5714285714285716,3.0,3.6666666666666665,3.0,3.3333333333333335
Indonesia,1.0,1.0,2.0,20.0,1.0,2.0,3.0,3.0,3.0,3.0,2.0,3.0,2.0,1.0,3.0,3.0,3.0,2.0,1.0,2.0,1.0,3.0,3.0,4.0,5.0,5.0,1.0,4.0,4.0,3.0,4.0,4.0,4.0,4.0,1.0,2.0,3.0,3.0,3.0,3.0,5.0,5.0,3.0,3.0,1.0,2.0,3.0,2.0,2.0,3.0,3.0,2.4285714285714284,1.5,2.25,3.75,3.857142857142857,2.0,3.0,4.0,2.0
Indonesia,1.0,1.0,1.0,19.0,2.0,2.0,3.0,2.0,3.0,5.0,3.0,3.0,3.0,4.0,5.0,5.0,5.0,,,,2.0,,3.0,3.0,3.0,3.0,3.0,5.0,3.0,2.0,4.0,,4.0,,,,,,,,,,,,4.0,4.0,3.0,4.0,1.0,3.0,3.25,4.0,,,3.0,,,,,3.6666666666666665
Indonesia,1.0,1.0,2.0,20.0,2.0,2.0,4.0,2.0,4.0,3.0,3.0,3.0,3.0,4.0,3.0,3.0,3.0,3.0,3.0,4.0,4.0,4.0,3.0,5.0,5.0,5.0,1.0,3.0,3.0,2.0,2.0,2.0,3.0,3.0,4.0,3.0,3.0,1.0,1.0,5.0,4.0,4.0,3.0,5.0,2.0,2.0,3.0,3.0,3.0,3.0,3.25,3.142857142857143,3.0,3.75,4.0,2.5714285714285716,3.3333333333333335,2.3333333333333335,4.0,2.6666666666666665
Indonesia,1.0,1.0,1.0,19.0,2.0,2.0,3.0,3.0,4.0,2.0,3.0,3.0,3.0,3.0,4.0,4.0,4.0,,2.0,,3.0,,3.0,5.0,3.0,2.0,2.0,4.0,4.0,3.0,3.0,3.0,4.0,3.0,2.0,5.0,2.0,3.0,3.0,2.0,1.0,2.0,3.0,3.0,2.0,3.0,3.0,3.0,2.0,3.0,3.0,3.4285714285714284,,,3.0,3.4285714285714284,3.0,2.6666666666666665,2.25,2.6666666666666665
Indonesia,2.0,1.0,2.0,20.0,2.0,2.0,5.0,3.0,2.0,3.0,3.0,4.0,5.0,5.0,4.0,3.0,5.0,3.0,4.0,,5.0,4.0,2.0,3.0,2.0,4.0,3.0,5.0,5.0,2.0,4.0,3.0,3.0,4.0,5.0,3.0,5.0,5.0,4.0,3.0,3.0,3.0,4.0,3.0,4.0,1.0,5.0,5.0,2.0,2.0,3.25,4.142857142857143,3.5,,3.0,3.7142857142857144,4.333333333333333,4.0,3.25,4.666666666666667
Indonesia,1.0,1.0,2.0,19.0,2.0,2.0,3.0,3.0,3.0,3.0,3.0,3.0,3.0,3.0,3.0,3.0,3.0,3.0,4.0,4.0,4.0,4.0,3.0,3.0,3.0,5.0,1.0,3.0,3.0,2.0,2.0,4.0,4.0,4.0,,,,3.0,3.0,2.0,4.0,4.0,3.0,2.0,3.0,4.0,3.0,3.0,2.0,3.0,3.0,3.0,3.5,3.75,3.0,3.142857142857143,,2.6666666666666665,3.25,3.0
Indonesia,1.0,1.0,,,1.0,1.0,,,,,,,,,,,,,,,,,,,,,,,,,,,,,2.0,2.0,3.0,3.0,3.0,3.0,1.0,2.0,2.0,4.0,,,,,,,,,,,,,2.3333333333333335,3.0,2.25,
Indonesia,1.0,1.0,1.0,21.0,2.0,2.0,3.0,3.0,3.0,4.0,4.0,4.0,4.0,4.0,4.0,4.0,4.0,4.0,4.0,3.0,3.0,4.0,4.0,5.0,2.0,5.0,1.0,4.0,4.0,3.0,3.0,4.0,4.0,3.0,3.0,2.0,3.0,3.0,5.0,3.0,3.0,3.0,4.0,3.0,4.0,4.0,3.0,2.0,4.0,4.0,3.25,4.0,4.0,3.5,3.25,3.5714285714285716,2.6666666666666665,3.6666666666666665,3.25,3.0
Indonesia,2.0,1.0,2.0,19.0,2.0,2.0,3.0,2.0,3.0,4.0,3.0,2.0,3.0,4.0,4.0,2.0,3.0,3.0,3.0,4.0,4.0,2.0,3.0,4.0,3.0,5.0,3.0,3.0,3.0,3.0,4.0,3.0,3.0,4.0,5.0,2.0,2.0,3.0,3.0,3.0,2.0,2.0,3.0,2.0,2.0,2.0,3.0,3.0,3.0,3.0,3.0,3.0,3.0,3.25,3.75,3.2857142857142856,3.0,3.0,2.25,2.6666666666666665
Indonesia,2.0,1.0,2.0,,2.0,2.0,3.0,2.0,2.0,2.0,4.0,2.0,2.0,3.0,4.0,3.0,3.0,,1.0,1.0,1.0,1.0,1.0,3.0,4.0,5.0,4.0,3.0,3.0,3.0,4.0,4.0,3.0,4.0,3.0,2.0,2.0,1.0,2.0,1.0,5.0,4.0,3.0,2.0,3.0,3.0,3.0,3.0,2.0,2.0,2.25,3.0,,1.0,4.0,3.4285714285714284,2.3333333333333335,1.3333333333333333,3.5,3.0
Indonesia,1.0,1.0,1.0,20.0,2.0,1.0,,,,,,,,,,,,,,,,,,,,,,,,,,,,,3.0,3.0,5.0,5.0,5.0,5.0,3.0,2.0,2.0,2.0,,,,,,,,,,,,,3.6666666666666665,5.0,2.25,
Indonesia,2.0,1.0,2.0,19.0,2.0,2.0,4.0,3.0,1.0,2.0,,,,,,,,4.0,3.0,2.0,4.0,2.0,2.0,,,,,,,,,,,,,,,,,,,,,,,,,,,,2.5,,3.5,2.5,,,,,,
Indonesia,2.0,1.0,2.0,19.0,1.0,2.0,3.0,4.0,3.0,3.0,3.0,3.0,1.0,3.0,3.0,2.0,3.0,4.0,3.0,2.0,2.0,2.0,3.0,3.0,5.0,1.0,1.0,4.0,5.0,2.0,3.0,4.0,4.0,4.0,3.0,3.0,3.0,3.0,5.0,3.0,4.0,3.0,3.0,3.0,2.0,3.0,2.0,3.0,3.0,3.0,3.25,2.5714285714285716,3.5,2.25,2.5,3.7142857142857144,3.0,3.6666666666666665,3.25,2.3333333333333335
Indonesia,1.0,1.0,1.0,20.0,2.0,1.0,,,,,,,,,,,,,,,,,,,,,,,,,,,,,2.0,2.0,2.0,5.0,3.0,3.0,3.0,4.0,3.0,2.0,,,,,,,,,,,,,2.0,3.6666666666666665,3.0,
Indonesia,2.0,1.0,1.0,19.0,1.0,2.0,2.0,2.0,2.0,2.0,2.0,2.0,3.0,3.0,3.0,3.0,3.0,2.0,,2.0,3.0,2.0,3.0,2.0,3.0,5.0,1.0,2.0,2.0,2.0,2.0,3.0,3.0,3.0,4.0,2.0,2.0,1.0,2.0,3.0,2.0,4.0,3.0,3.0,3.0,3.0,3.0,3.0,2.0,2.0,2.0,2.7142857142857144,,2.5,2.75,2.4285714285714284,2.6666666666666665,2.0,3.0,3.0
Indonesia,1.0,1.0,2.0,19.0,2.0,2.0,,4.0,4.0,4.0,2.0,2.0,2.0,2.0,2.0,2.0,3.0,,3.0,3.0,3.0,3.0,3.0,1.0,2.0,3.0,2.0,4.0,4.0,2.0,2.0,3.0,3.0,2.0,2.0,2.0,2.0,3.0,3.0,3.0,3.0,3.0,3.0,3.0,4.0,3.0,4.0,3.0,2.0,3.0,,2.142857142857143,,3.0,2.0,2.857142857142857,2.0,3.0,3.0,3.6666666666666665
Indonesia,1.0,1.0,1.0,20.0,2.0,2.0,4.0,4.0,4.0,4.0,3.0,3.0,3.0,2.0,3.0,3.0,2.0,3.0,3.0,2.0,2.0,2.0,2.0,4.0,4.0,2.0,2.0,2.0,2.0,2.0,3.0,3.0,3.0,3.0,3.0,5.0,3.0,2.0,3.0,2.0,5.0,3.0,4.0,4.0,4.0,2.0,3.0,2.0,2.0,3.0,4.0,2.7142857142857144,3.0,2.0,3.0,2.5714285714285716,3.6666666666666665,2.3333333333333335,4.0,3.0
Indonesia,1.0,1.0,3.0,19.0,1.0,2.0,4.0,3.0,4.0,2.0,3.0,3.0,3.0,3.0,3.0,3.0,3.0,,,4.0,4.0,4.0,4.0,2.0,1.0,5.0,1.0,4.0,3.0,3.0,2.0,4.0,3.0,2.0,2.0,1.0,1.0,3.0,4.0,4.0,3.0,3.0,2.0,1.0,3.0,4.0,4.0,3.0,2.0,4.0,3.25,3.0,,4.0,2.25,3.0,1.3333333333333333,3.6666666666666665,2.25,3.3333333333333335
Indonesia,2.0,1.0,2.0,19.0,2.0,2.0,4.0,4.0,4.0,4.0,4.0,3.0,4.0,4.0,4.0,4.0,4.0,2.0,4.0,4.0,4.0,4.0,4.0,1.0,4.0,5.0,3.0,2.0,2.0,2.0,4.0,4.0,4.0,4.0,5.0,2.0,5.0,3.0,2.0,2.0,1.0,3.0,3.0,2.0,2.0,3.0,4.0,3.0,4.0,4.0,4.0,3.857142857142857,3.0,4.0,3.25,3.142857142857143,4.0,2.3333333333333335,2.25,3.0
Indonesia,1.0,1.0,,20.0,2.0,2.0,3.0,5.0,4.0,5.0,2.0,2.0,2.0,1.0,4.0,3.0,2.0,2.0,1.0,1.0,2.0,2.0,2.0,2.0,2.0,4.0,4.0,4.0,3.0,4.0,3.0,4.0,4.0,3.0,4.0,2.0,4.0,3.0,2.0,3.0,4.0,4.0,4.0,1.0,2.0,2.0,3.0,3.0,,3.0,4.25,2.2857142857142856,1.5,1.75,3.0,3.5714285714285716,3.3333333333333335,2.6666666666666665,3.25,2.6666666666666665
Indonesia,1.0,1.0,,19.0,2.0,2.0,3.0,3.0,3.0,4.0,3.0,3.0,2.0,3.0,3.0,4.0,2.0,3.0,2.0,4.0,3.0,4.0,3.0,1.0,1.0,4.0,1.0,3.0,3.0,3.0,3.0,3.0,3.0,3.0,4.0,1.0,4.0,4.0,3.0,3.0,5.0,4.0,3.0,4.0,4.0,1.0,3.0,3.0,2.0,3.0,3.25,2.857142857142857,2.5,3.5,1.75,3.0,3.0,3.3333333333333335,4.0,3.3333333333333335
Indonesia,2.0,1.0,1.0,19.0,1.0,2.0,3.0,3.0,3.0,3.0,2.0,2.0,4.0,4.0,5.0,2.0,5.0,2.0,2.0,2.0,5.0,4.0,2.0,2.0,2.0,2.0,3.0,2.0,3.0,3.0,3.0,3.0,3.0,3.0,2.0,4.0,3.0,1.0,2.0,2.0,2.0,2.0,3.0,2.0,2.0,3.0,2.0,2.0,2.0,3.0,3.0,3.4285714285714284,2.0,3.25,2.25,2.857142857142857,3.0,1.6666666666666667,2.25,2.0
Indonesia,1.0,1.0,2.0,19.0,1.0,2.0,3.0,3.0,2.0,4.0,4.0,4.0,4.0,3.0,3.0,3.0,3.0,1.0,1.0,3.0,4.0,5.0,4.0,1.0,3.0,4.0,3.0,3.0,3.0,3.0,3.0,4.0,4.0,4.0,2.0,4.0,3.0,1.0,3.0,1.0,3.0,2.0,2.0,2.0,1.0,2.0,3.0,3.0,3.0,4.0,3.0,3.4285714285714284,1.0,4.0,2.75,3.4285714285714284,3.0,1.6666666666666667,2.25,2.3333333333333335
Indonesia,1.0,1.0,,20.0,2.0,2.0,2.0,4.0,2.0,2.0,1.0,1.0,2.0,4.0,3.0,3.0,4.0,1.0,2.0,2.0,4.0,2.0,4.0,4.0,3.0,3.0,2.0,4.0,4.0,1.0,1.0,4.0,4.0,3.0,3.0,1.0,3.0,5.0,2.0,2.0,2.0,2.0,2.0,1.0,2.0,4.0,2.0,2.0,1.0,,2.5,2.5714285714285716,1.5,3.0,3.0,3.0,2.3333333333333335,3.0,1.75,2.0
Indonesia,1.0,1.0,2.0,19.0,2.0,2.0,3.0,3.0,3.0,3.0,3.0,3.0,3.0,3.0,4.0,4.0,4.0,3.0,4.0,4.0,4.0,4.0,3.0,4.0,3.0,5.0,1.0,4.0,3.0,2.0,2.0,4.0,4.0,4.0,4.0,4.0,4.0,3.0,3.0,3.0,5.0,4.0,4.0,3.0,3.0,3.0,3.0,3.0,2.0,3.0,3.0,3.4285714285714284,3.5,3.75,3.25,3.2857142857142856,4.0,3.0,4.0,3.0
Indonesia,1.0,1.0,2.0,20.0,2.0,2.0,3.0,3.0,3.0,3.0,3.0,3.0,2.0,2.0,2.0,3.0,3.0,3.0,,2.0,3.0,3.0,2.0,4.0,4.0,2.0,1.0,3.0,3.0,2.0,2.0,4.0,3.0,4.0,3.0,5.0,5.0,3.0,3.0,3.0,1.0,1.0,,1.0,3.0,3.0,3.0,3.0,2.0,2.0,3.0,2.5714285714285716,,2.5,2.75,3.0,4.333333333333333,3.0,,3.0
Indonesia,1.0,3.0,4.0,19.0,1.0,2.0,,,,,,,,,,,,,,,,,,,,,,,,,,,,,,,,,,,,,,,,,,,,,,,,,,,,,,
Indonesia,2.0,1.0,2.0,20.0,2.0,2.0,3.0,3.0,3.0,4.0,4.0,,3.0,2.0,3.0,1.0,3.0,3.0,3.0,5.0,4.0,5.0,5.0,5.0,5.0,2.0,1.0,3.0,3.0,2.0,2.0,3.0,3.0,3.0,5.0,5.0,5.0,1.0,1.0,1.0,5.0,5.0,5.0,5.0,1.0,5.0,1.0,1.0,3.0,3.0,3.25,,3.0,4.75,3.25,2.7142857142857144,5.0,1.0,5.0,1.0
Indonesia,2.0,1.0,2.0,19.0,2.0,2.0,4.0,4.0,4.0,4.0,2.0,3.0,2.0,2.0,2.0,2.0,2.0,2.0,1.0,2.0,2.0,2.0,4.0,1.0,4.0,5.0,2.0,2.0,2.0,2.0,4.0,4.0,4.0,4.0,5.0,1.0,2.0,3.0,3.0,1.0,3.0,2.0,3.0,2.0,2.0,3.0,4.0,4.0,2.0,2.0,4.0,2.142857142857143,1.5,2.5,3.0,3.142857142857143,2.6666666666666665,2.3333333333333335,2.5,3.3333333333333335
Indonesia,1.0,1.0,2.0,19.0,2.0,2.0,4.0,3.0,4.0,3.0,1.0,2.0,1.0,3.0,2.0,4.0,3.0,2.0,2.0,4.0,4.0,3.0,4.0,1.0,2.0,4.0,1.0,3.0,2.0,2.0,2.0,5.0,3.0,2.0,2.0,1.0,4.0,2.0,2.0,3.0,4.0,4.0,4.0,4.0,1.0,1.0,2.0,1.0,1.0,3.0,3.5,2.2857142857142856,2.0,3.75,2.0,2.7142857142857144,2.3333333333333335,2.3333333333333335,4.0,1.3333333333333333
Indonesia,1.0,1.0,,,1.0,2.0,,,,,,,,,,,,4.0,,4.0,,4.0,,,,,,,,,,,,,,,,,,,,,,,,,,,,,,,,,,,,,,
Indonesia,1.0,1.0,1.0,,1.0,2.0,2.0,2.0,,,2.0,2.0,1.0,2.0,2.0,2.0,2.0,1.0,2.0,2.0,2.0,2.0,2.0,1.0,3.0,5.0,1.0,3.0,3.0,2.0,2.0,4.0,4.0,4.0,3.0,3.0,1.0,2.0,1.0,1.0,3.0,4.0,5.0,2.0,2.0,2.0,3.0,3.0,1.0,4.0,,1.8571428571428572,1.5,2.0,2.5,3.142857142857143,2.3333333333333335,1.3333333333333333,3.5,2.6666666666666665
Indonesia,1.0,1.0,2.0,18.0,2.0,2.0,3.0,3.0,3.0,3.0,2.0,2.0,2.0,2.0,2.0,2.0,2.0,2.0,2.0,2.0,2.0,3.0,3.0,5.0,4.0,3.0,2.0,4.0,3.0,3.0,4.0,4.0,3.0,3.0,2.0,2.0,2.0,4.0,4.0,3.0,3.0,3.0,4.0,3.0,4.0,2.0,4.0,4.0,2.0,2.0,3.0,2.0,2.0,2.5,3.5,3.4285714285714284,2.0,3.6666666666666665,3.25,4.0
Indonesia,2.0,1.0,1.0,19.0,2.0,2.0,3.0,2.0,3.0,4.0,3.0,3.0,3.0,3.0,4.0,3.0,3.0,1.0,1.0,1.0,1.0,1.0,1.0,4.0,4.0,5.0,1.0,3.0,3.0,2.0,2.0,3.0,3.0,3.0,2.0,2.0,2.0,1.0,5.0,1.0,4.0,3.0,4.0,3.0,2.0,4.0,3.0,3.0,3.0,3.0,3.0,3.142857142857143,1.0,1.0,3.5,2.7142857142857144,2.0,2.3333333333333335,3.5,2.6666666666666665
Indonesia,1.0,1.0,1.0,,1.0,1.0,,,,,,,,,,,,,,,,,,,,,,,,,,,,,3.0,3.0,3.0,3.0,3.0,3.0,3.0,3.0,3.0,3.0,,,,,,,,,,,,,3.0,3.0,3.0,
Indonesia,1.0,1.0,2.0,20.0,2.0,2.0,4.0,3.0,3.0,4.0,2.0,,,2.0,4.0,3.0,,,,3.0,,4.0,,5.0,4.0,5.0,5.0,4.0,3.0,4.0,3.0,4.0,4.0,4.0,2.0,2.0,2.0,3.0,4.0,3.0,3.0,3.0,3.0,3.0,4.0,3.0,4.0,3.0,3.0,4.0,3.5,,,,4.75,3.7142857142857144,2.0,3.3333333333333335,3.0,3.6666666666666665
Indonesia,1.0,1.0,2.0,19.0,2.0,2.0,3.0,2.0,2.0,3.0,3.0,,2.0,,4.0,3.0,,3.0,,2.0,,4.0,4.0,4.0,3.0,2.0,2.0,4.0,4.0,3.0,3.0,4.0,4.0,4.0,1.0,2.0,2.0,2.0,4.0,2.0,3.0,3.0,3.0,3.0,4.0,1.0,2.0,2.0,2.0,4.0,2.5,,,,2.75,3.7142857142857144,1.6666666666666667,2.6666666666666665,3.0,2.6666666666666665
Indonesia,1.0,1.0,2.0,19.0,2.0,2.0,,,,,,,,,,,,2.0,,5.0,,1.0,,,,,,,,,,,,,,,,,,,,,,,,,,,,,,,,,,,,,,
Indonesia,2.0,1.0,2.0,20.0,1.0,3.0,,,,,,,,,,,,,,,,,,,,,,,,,,,,,3.0,3.0,3.0,3.0,2.0,3.0,3.0,2.0,3.0,3.0,,,,,,,,,,,,,3.0,2.6666666666666665,2.75,
Indonesia,1.0,1.0,2.0,20.0,2.0,2.0,3.0,3.0,3.0,3.0,4.0,5.0,5.0,4.0,5.0,5.0,5.0,3.0,3.0,3.0,3.0,3.0,3.0,1.0,1.0,5.0,1.0,4.0,3.0,3.0,3.0,3.0,3.0,3.0,3.0,3.0,3.0,2.0,2.0,2.0,2.0,2.0,3.0,2.0,1.0,2.0,4.0,4.0,3.0,4.0,3.0,4.714285714285714,3.0,3.0,2.0,3.142857142857143,3.0,2.0,2.25,3.0
Indonesia,1.0,2.0,2.0,20.0,2.0,2.0,4.0,5.0,4.0,4.0,3.0,3.0,3.0,3.0,3.0,3.0,3.0,4.0,4.0,3.0,3.0,3.0,3.0,2.0,3.0,4.0,2.0,3.0,3.0,3.0,4.0,4.0,4.0,4.0,2.0,2.0,2.0,3.0,4.0,3.0,3.0,1.0,3.0,2.0,3.0,2.0,3.0,3.0,3.0,3.0,4.25,3.0,4.0,3.0,2.75,3.5714285714285716,2.0,3.3333333333333335,2.25,3.0
Indonesia,1.0,1.0,1.0,,1.0,2.0,5.0,4.0,4.0,4.0,3.0,3.0,3.0,4.0,4.0,4.0,3.0,3.0,3.0,3.0,3.0,4.0,4.0,4.0,4.0,4.0,4.0,3.0,3.0,3.0,3.0,4.0,4.0,4.0,4.0,2.0,4.0,3.0,4.0,4.0,3.0,2.0,3.0,2.0,3.0,1.0,4.0,4.0,3.0,4.0,4.25,3.4285714285714284,3.0,3.5,4.0,3.4285714285714284,3.3333333333333335,3.6666666666666665,2.5,3.6666666666666665
Indonesia,1.0,1.0,2.0,20.0,2.0,1.0,,,,,,,,,,,,,,,,,,,,,,,,,,,,,2.0,3.0,3.0,2.0,5.0,2.0,2.0,2.0,2.0,1.0,,,,,,,,,,,,,2.6666666666666665,3.0,1.75,
Indonesia,1.0,1.0,,19.0,2.0,2.0,2.0,2.0,2.0,2.0,2.0,2.0,2.0,2.0,2.0,2.0,2.0,,2.0,,2.0,,2.0,2.0,2.0,2.0,2.0,2.0,2.0,2.0,2.0,2.0,2.0,3.0,1.0,1.0,1.0,4.0,4.0,4.0,4.0,4.0,4.0,4.0,2.0,4.0,2.0,2.0,2.0,2.0,2.0,2.0,,,2.0,2.142857142857143,1.0,4.0,4.0,2.0
Indonesia,1.0,1.0,,19.0,2.0,2.0,3.0,3.0,3.0,3.0,3.0,3.0,3.0,3.0,3.0,3.0,3.0,1.0,3.0,3.0,3.0,3.0,3.0,3.0,3.0,1.0,1.0,2.0,3.0,3.0,3.0,3.0,3.0,3.0,1.0,1.0,1.0,1.0,1.0,1.0,1.0,1.0,1.0,1.0,3.0,3.0,3.0,2.0,3.0,3.0,3.0,3.0,2.0,3.0,2.0,2.857142857142857,1.0,1.0,1.0,2.6666666666666665
Indonesia,2.0,1.0,2.0,20.0,1.0,2.0,3.0,4.0,4.0,3.0,,,,,,,,3.0,2.0,3.0,3.0,4.0,3.0,5.0,5.0,5.0,5.0,3.0,4.0,4.0,4.0,4.0,4.0,4.0,2.0,2.0,3.0,3.0,3.0,4.0,3.0,4.0,3.0,4.0,3.0,2.0,4.0,4.0,2.0,,3.5,,2.5,3.25,5.0,3.857142857142857,2.3333333333333335,3.3333333333333335,3.5,3.6666666666666665
Indonesia,1.0,1.0,2.0,19.0,1.0,2.0,3.0,4.0,4.0,3.0,3.0,3.0,3.0,3.0,3.0,3.0,3.0,3.0,3.0,2.0,3.0,3.0,3.0,5.0,3.0,5.0,1.0,5.0,4.0,3.0,4.0,3.0,3.0,3.0,5.0,3.0,5.0,5.0,4.0,3.0,3.0,3.0,3.0,2.0,3.0,3.0,3.0,3.0,2.0,3.0,3.5,3.0,3.0,2.75,3.5,3.5714285714285716,4.333333333333333,4.0,2.75,3.0
Indonesia,1.0,1.0,,19.0,2.0,2.0,2.0,3.0,3.0,4.0,3.0,3.0,4.0,,4.0,2.0,2.0,3.0,4.0,4.0,4.0,4.0,4.0,3.0,5.0,5.0,2.0,5.0,4.0,2.0,2.0,4.0,4.0,3.0,2.0,5.0,4.0,3.0,3.0,3.0,3.0,2.0,4.0,2.0,3.0,4.0,4.0,3.0,3.0,3.0,3.0,,3.5,4.0,3.75,3.4285714285714284,3.6666666666666665,3.0,2.75,3.3333333333333335
Indonesia,2.0,1.0,1.0,19.0,1.0,2.0,4.0,4.0,4.0,2.0,,4.0,4.0,3.0,4.0,5.0,3.0,,,1.0,4.0,1.0,4.0,5.0,2.0,3.0,3.0,4.0,4.0,3.0,3.0,3.0,4.0,4.0,2.0,2.0,1.0,4.0,4.0,4.0,4.0,4.0,4.0,4.0,4.0,2.0,4.0,4.0,4.0,4.0,3.5,,,2.5,3.25,3.5714285714285716,1.6666666666666667,4.0,4.0,4.0
Indonesia,1.0,1.0,2.0,,2.0,2.0,4.0,4.0,4.0,4.0,4.0,4.0,4.0,3.0,3.0,3.0,2.0,3.0,3.0,4.0,4.0,4.0,4.0,5.0,5.0,4.0,4.0,5.0,4.0,2.0,3.0,4.0,5.0,4.0,4.0,4.0,4.0,1.0,4.0,1.0,3.0,4.0,3.0,4.0,2.0,2.0,2.0,2.0,1.0,4.0,4.0,3.2857142857142856,3.0,4.0,4.5,3.857142857142857,4.0,2.0,3.5,2.0
Indonesia,1.0,1.0,2.0,20.0,2.0,2.0,5.0,3.0,4.0,4.0,,3.0,3.0,3.0,3.0,3.0,2.0,2.0,2.0,2.0,3.0,2.0,2.0,1.0,2.0,4.0,3.0,3.0,3.0,3.0,3.0,3.0,3.0,3.0,4.0,4.0,2.0,4.0,4.0,1.0,,4.0,4.0,3.0,2.0,1.0,3.0,2.0,3.0,,4.0,,2.0,2.25,2.5,3.0,3.3333333333333335,3.0,,2.3333333333333335
Indonesia,2.0,1.0,2.0,20.0,2.0,2.0,3.0,3.0,3.0,3.0,3.0,3.0,2.0,2.0,2.0,,2.0,2.0,2.0,3.0,3.0,3.0,3.0,5.0,3.0,1.0,1.0,4.0,3.0,3.0,3.0,3.0,3.0,3.0,5.0,5.0,5.0,3.0,5.0,3.0,3.0,3.0,3.0,2.0,4.0,2.0,3.0,2.0,2.0,3.0,3.0,,2.0,3.0,2.5,3.142857142857143,5.0,3.6666666666666665,2.75,3.0
Indonesia,2.0,1.0,2.0,19.0,2.0,1.0,,,,,,,,,,,,,,,,,,,,,,,,,,,,,,,,,,,,,,,,,,,,,,,,,,,,,,
Indonesia,2.0,1.0,2.0,19.0,2.0,2.0,3.0,3.0,2.0,3.0,3.0,3.0,3.0,4.0,3.0,3.0,3.0,2.0,3.0,1.0,2.0,1.0,2.0,3.0,4.0,5.0,3.0,4.0,4.0,3.0,3.0,3.0,3.0,3.0,1.0,1.0,1.0,5.0,5.0,5.0,3.0,3.0,3.0,5.0,3.0,3.0,3.0,3.0,3.0,3.0,2.75,3.142857142857143,2.5,1.5,3.75,3.2857142857142856,1.0,5.0,3.5,3.0
Indonesia,1.0,1.0,1.0,21.0,1.0,2.0,4.0,4.0,5.0,4.0,2.0,2.0,5.0,4.0,4.0,2.0,3.0,2.0,2.0,3.0,5.0,1.0,4.0,1.0,3.0,3.0,4.0,5.0,5.0,5.0,4.0,5.0,5.0,4.0,5.0,4.0,2.0,2.0,3.0,2.0,4.0,4.0,4.0,4.0,2.0,4.0,3.0,2.0,1.0,2.0,4.25,3.142857142857143,2.0,3.25,2.75,4.714285714285714,3.6666666666666665,2.3333333333333335,4.0,2.3333333333333335
Indonesia,2.0,1.0,1.0,18.0,2.0,2.0,4.0,3.0,3.0,4.0,1.0,3.0,3.0,4.0,4.0,3.0,3.0,,,1.0,1.0,5.0,5.0,5.0,5.0,5.0,3.0,5.0,4.0,1.0,1.0,4.0,3.0,3.0,3.0,3.0,2.0,1.0,1.0,1.0,5.0,5.0,4.0,3.0,2.0,1.0,2.0,2.0,5.0,4.0,3.5,3.0,,3.0,4.5,3.0,2.6666666666666665,1.0,4.25,2.0
Indonesia,2.0,1.0,1.0,18.0,2.0,2.0,3.0,3.0,5.0,3.0,1.0,4.0,4.0,4.0,4.0,4.0,3.0,4.0,2.0,4.0,5.0,4.0,5.0,5.0,5.0,5.0,3.0,4.0,4.0,1.0,1.0,4.0,3.0,3.0,2.0,2.0,3.0,1.0,1.0,5.0,5.0,5.0,5.0,3.0,3.0,2.0,5.0,4.0,4.0,3.0,3.5,3.4285714285714284,3.0,4.5,4.5,2.857142857142857,2.3333333333333335,2.3333333333333335,4.5,4.0
Indonesia,1.0,1.0,1.0,20.0,2.0,2.0,4.0,4.0,4.0,4.0,2.0,2.0,2.0,3.0,3.0,3.0,3.0,2.0,2.0,2.0,2.0,2.0,2.0,3.0,3.0,3.0,1.0,3.0,3.0,3.0,3.0,3.0,3.0,3.0,2.0,2.0,2.0,3.0,3.0,2.0,4.0,3.0,3.0,3.0,4.0,2.0,3.0,3.0,3.0,3.0,4.0,2.5714285714285716,2.0,2.0,2.5,3.0,2.0,2.6666666666666665,3.25,3.3333333333333335
Indonesia,1.0,1.0,1.0,,2.0,2.0,3.0,3.0,3.0,4.0,2.0,2.0,2.0,3.0,3.0,3.0,3.0,2.0,2.0,3.0,2.0,3.0,3.0,3.0,3.0,3.0,1.0,3.0,3.0,3.0,3.0,3.0,3.0,3.0,2.0,5.0,2.0,3.0,3.0,2.0,4.0,3.0,3.0,3.0,3.0,2.0,3.0,3.0,2.0,3.0,3.25,2.5714285714285716,2.0,2.75,2.5,3.0,3.0,2.6666666666666665,3.25,3.0
Indonesia,1.0,1.0,2.0,19.0,2.0,2.0,3.0,3.0,3.0,3.0,2.0,2.0,2.0,2.0,3.0,3.0,2.0,1.0,3.0,2.0,2.0,2.0,2.0,2.0,2.0,2.0,1.0,3.0,3.0,2.0,3.0,3.0,2.0,2.0,3.0,4.0,3.0,3.0,3.0,2.0,3.0,3.0,3.0,1.0,3.0,3.0,3.0,3.0,2.0,2.0,3.0,2.2857142857142856,2.0,2.0,1.75,2.5714285714285716,3.3333333333333335,2.6666666666666665,2.5,3.0
Indonesia,1.0,1.0,2.0,19.0,2.0,2.0,4.0,4.0,4.0,3.0,3.0,3.0,1.0,4.0,3.0,4.0,2.0,,,3.0,3.0,3.0,3.0,1.0,2.0,5.0,2.0,1.0,1.0,1.0,1.0,1.0,1.0,1.0,,,,,,,,,,,4.0,4.0,4.0,4.0,1.0,3.0,3.75,2.857142857142857,,3.0,2.5,1.0,,,,4.0
Indonesia,2.0,2.0,2.0,25.0,2.0,2.0,5.0,4.0,4.0,4.0,,,,,,,,4.0,4.0,4.0,,4.0,,5.0,5.0,5.0,5.0,5.0,5.0,3.0,5.0,5.0,5.0,3.0,2.0,2.0,2.0,3.0,3.0,3.0,4.0,3.0,1.0,3.0,2.0,3.0,2.0,2.0,3.0,4.0,4.25,,4.0,,5.0,4.428571428571429,2.0,3.0,2.75,2.0
Indonesia,2.0,2.0,,23.0,2.0,2.0,4.0,4.0,4.0,4.0,3.0,3.0,3.0,3.0,2.0,4.0,3.0,2.0,2.0,2.0,2.0,2.0,2.0,5.0,5.0,5.0,5.0,3.0,4.0,4.0,4.0,4.0,4.0,4.0,4.0,2.0,1.0,1.0,1.0,1.0,4.0,4.0,3.0,1.0,2.0,4.0,3.0,3.0,2.0,3.0,4.0,3.0,2.0,2.0,5.0,3.857142857142857,2.3333333333333335,1.0,3.0,2.6666666666666665
Indonesia,1.0,2.0,2.0,24.0,1.0,2.0,,,,,,,,,,,,,,,,,,,,,,,,,,,,,,,,,,,,,,,,,,,,,,,,,,,,,,
Indonesia,1.0,2.0,2.0,24.0,2.0,2.0,2.0,3.0,2.0,3.0,2.0,3.0,2.0,,2.0,2.0,,1.0,2.0,1.0,2.0,2.0,2.0,5.0,5.0,5.0,5.0,2.0,2.0,2.0,2.0,2.0,2.0,3.0,,,,,,,,,,,2.0,2.0,3.0,2.0,1.0,2.0,2.5,,1.5,1.75,5.0,2.142857142857143,,,,2.3333333333333335
Indonesia,2.0,2.0,2.0,45.0,1.0,2.0,3.0,2.0,3.0,4.0,4.0,4.0,3.0,3.0,2.0,3.0,3.0,2.0,4.0,2.0,3.0,2.0,3.0,5.0,3.0,5.0,4.0,3.0,3.0,2.0,4.0,4.0,3.0,4.0,4.0,4.0,3.0,2.0,4.0,2.0,3.0,3.0,3.0,3.0,2.0,2.0,2.0,3.0,3.0,4.0,3.0,3.142857142857143,3.0,2.5,4.25,3.2857142857142856,3.6666666666666665,2.6666666666666665,3.0,2.3333333333333335
Indonesia,1.0,1.0,2.0,21.0,2.0,1.0,,,,,,,,,,,,,,,,,,,,,,,,,,,,,5.0,5.0,5.0,3.0,3.0,1.0,4.0,4.0,3.0,3.0,,,,,,,,,,,,,5.0,2.3333333333333335,3.5,
Indonesia,1.0,1.0,,22.0,2.0,2.0,2.0,2.0,3.0,3.0,2.0,2.0,2.0,2.0,2.0,2.0,2.0,3.0,4.0,3.0,2.0,4.0,2.0,3.0,3.0,4.0,2.0,4.0,3.0,2.0,4.0,4.0,3.0,3.0,4.0,3.0,4.0,3.0,3.0,3.0,4.0,4.0,4.0,3.0,2.0,3.0,3.0,2.0,2.0,2.0,2.5,2.0,3.5,2.75,3.0,3.2857142857142856,3.6666666666666665,3.0,3.75,2.3333333333333335
Indonesia,1.0,1.0,2.0,20.0,2.0,2.0,4.0,3.0,3.0,3.0,3.0,3.0,3.0,3.0,4.0,3.0,3.0,3.0,3.0,3.0,3.0,3.0,3.0,5.0,5.0,5.0,4.0,4.0,4.0,3.0,4.0,4.0,4.0,3.0,2.0,2.0,2.0,3.0,3.0,4.0,3.0,3.0,3.0,3.0,3.0,3.0,3.0,4.0,4.0,3.0,3.25,3.142857142857143,3.0,3.0,4.75,3.7142857142857144,2.0,3.3333333333333335,3.0,3.3333333333333335
Indonesia,1.0,2.0,2.0,27.0,2.0,2.0,4.0,4.0,4.0,4.0,4.0,4.0,4.0,4.0,4.0,4.0,3.0,3.0,2.0,4.0,3.0,2.0,3.0,5.0,4.0,4.0,4.0,4.0,3.0,3.0,4.0,4.0,4.0,4.0,2.0,2.0,2.0,4.0,4.0,3.0,3.0,3.0,4.0,3.0,2.0,2.0,3.0,4.0,4.0,4.0,4.0,3.857142857142857,2.5,3.0,4.25,3.7142857142857144,2.0,3.6666666666666665,3.25,3.0
Indonesia,1.0,2.0,2.0,29.0,1.0,,,,,,,,,,,,,,,,,,,,,,,,,,,,,,,,,,,,,,,,,,,,,,,,,,,,,,,
Indonesia,2.0,1.0,3.0,19.0,2.0,2.0,4.0,4.0,4.0,4.0,5.0,4.0,4.0,4.0,5.0,4.0,5.0,5.0,5.0,5.0,4.0,5.0,5.0,5.0,5.0,3.0,3.0,4.0,4.0,4.0,5.0,4.0,4.0,4.0,5.0,4.0,4.0,1.0,5.0,1.0,1.0,5.0,5.0,1.0,4.0,2.0,4.0,4.0,5.0,5.0,4.0,4.428571428571429,5.0,4.75,4.0,4.142857142857143,4.333333333333333,2.3333333333333335,3.0,4.0
Indonesia,1.0,1.0,2.0,22.0,1.0,2.0,4.0,4.0,4.0,4.0,5.0,5.0,5.0,5.0,5.0,5.0,5.0,3.0,4.0,4.0,4.0,4.0,4.0,4.0,5.0,4.0,4.0,4.0,4.0,4.0,4.0,4.0,4.0,4.0,,,,,,,,,,,4.0,2.0,4.0,4.0,4.0,5.0,4.0,5.0,3.5,4.0,4.25,4.0,,,,4.0
Indonesia,1.0,2.0,2.0,24.0,2.0,1.0,,,,,,,,,,,,,,,,,,,,,,,,,,,,,2.0,2.0,1.0,3.0,5.0,2.0,3.0,3.0,4.0,3.0,,,,,,,,,,,,,1.6666666666666667,3.3333333333333335,3.25,
Indonesia,1.0,1.0,3.0,19.0,2.0,2.0,4.0,4.0,4.0,4.0,4.0,4.0,2.0,3.0,4.0,4.0,3.0,4.0,3.0,4.0,3.0,3.0,3.0,3.0,4.0,3.0,3.0,4.0,4.0,4.0,4.0,4.0,4.0,3.0,3.0,3.0,2.0,3.0,3.0,3.0,1.0,1.0,1.0,1.0,2.0,2.0,4.0,3.0,3.0,4.0,4.0,3.4285714285714284,3.5,3.25,3.25,3.857142857142857,2.6666666666666665,3.0,1.0,3.0
Indonesia,1.0,1.0,3.0,19.0,2.0,2.0,5.0,4.0,4.0,4.0,2.0,4.0,4.0,4.0,4.0,4.0,4.0,4.0,4.0,5.0,5.0,4.0,4.0,,,,,,,,,,,,,,,,,,,,,,,,,,2.0,4.0,4.25,3.7142857142857144,4.0,4.5,,,,,,
Indonesia,2.0,2.0,2.0,30.0,2.0,2.0,4.0,3.0,3.0,4.0,3.0,3.0,3.0,3.0,3.0,3.0,3.0,3.0,3.0,3.0,3.0,3.0,3.0,2.0,2.0,2.0,2.0,3.0,3.0,3.0,4.0,4.0,3.0,3.0,3.0,3.0,3.0,1.0,1.0,1.0,1.0,3.0,3.0,3.0,3.0,3.0,3.0,3.0,3.0,3.0,3.5,3.0,3.0,3.0,2.0,3.2857142857142856,3.0,1.0,2.5,3.0
Indonesia,1.0,1.0,2.0,22.0,2.0,,,,,,,,,,,,,,,,,,,,,,,,,,,,,,,,,,,,,,,,,,,,,,,,,,,,,,,
Indonesia,1.0,1.0,2.0,21.0,2.0,,,,,,,,,,,,,,,,,,,,,,,,,,,,,,,,,,,,,,,,,,,,,,,,,,,,,,,
Indonesia,1.0,1.0,4.0,20.0,2.0,2.0,4.0,3.0,4.0,5.0,3.0,2.0,3.0,3.0,2.0,2.0,2.0,2.0,2.0,,2.0,3.0,2.0,,,,,,,,,,,,,,,,,,,,,,,,,,2.0,3.0,4.0,2.4285714285714284,2.0,,,,,,,
Indonesia,2.0,2.0,2.0,23.0,2.0,2.0,4.0,4.0,4.0,4.0,,,,,,,,4.0,4.0,4.0,4.0,3.0,3.0,,,,,,,,,,,,,,,,,,,,,,,,,,,,4.0,,4.0,3.5,,,,,,
Indonesia,1.0,1.0,3.0,19.0,2.0,2.0,4.0,4.0,4.0,4.0,4.0,4.0,4.0,4.0,4.0,4.0,4.0,4.0,4.0,4.0,4.0,4.0,4.0,4.0,4.0,5.0,3.0,4.0,4.0,4.0,4.0,4.0,4.0,3.0,2.0,4.0,4.0,3.0,5.0,3.0,1.0,2.0,1.0,1.0,4.0,4.0,4.0,4.0,4.0,4.0,4.0,4.0,4.0,4.0,4.0,3.857142857142857,3.3333333333333335,3.6666666666666665,1.25,4.0
Indonesia,2.0,1.0,2.0,24.0,1.0,1.0,,,,,,,,,,,,,,,,,,,,,,,,,,,,,4.0,4.0,4.0,3.0,3.0,3.0,3.0,3.0,3.0,3.0,,,,,,,,,,,,,4.0,3.0,3.0,
Indonesia,1.0,1.0,3.0,20.0,2.0,2.0,3.0,4.0,4.0,4.0,3.0,3.0,3.0,3.0,4.0,3.0,3.0,4.0,4.0,3.0,4.0,3.0,4.0,5.0,3.0,5.0,1.0,4.0,3.0,3.0,4.0,4.0,4.0,3.0,2.0,2.0,2.0,3.0,5.0,3.0,3.0,1.0,1.0,3.0,4.0,4.0,4.0,3.0,4.0,3.0,3.75,3.142857142857143,4.0,3.5,3.5,3.5714285714285716,2.0,3.6666666666666665,2.0,3.6666666666666665
Indonesia,1.0,1.0,3.0,21.0,1.0,2.0,3.0,3.0,3.0,4.0,3.0,3.0,3.0,3.0,3.0,3.0,3.0,3.0,2.0,3.0,3.0,3.0,3.0,3.0,3.0,3.0,3.0,4.0,3.0,2.0,3.0,3.0,3.0,3.0,2.0,3.0,4.0,2.0,4.0,3.0,2.0,3.0,3.0,1.0,4.0,3.0,4.0,3.0,5.0,4.0,3.25,3.0,2.5,3.0,3.0,3.0,3.0,3.0,2.25,3.6666666666666665
Indonesia,1.0,1.0,2.0,21.0,2.0,2.0,3.0,2.0,3.0,4.0,2.0,4.0,3.0,3.0,2.0,4.0,2.0,3.0,1.0,3.0,3.0,2.0,3.0,3.0,3.0,3.0,3.0,3.0,3.0,4.0,3.0,3.0,3.0,3.0,3.0,2.0,3.0,3.0,3.0,4.0,3.0,4.0,2.0,3.0,2.0,2.0,3.0,2.0,3.0,3.0,3.0,2.857142857142857,2.0,2.75,3.0,3.142857142857143,2.6666666666666665,3.3333333333333335,3.0,2.3333333333333335
Indonesia,1.0,1.0,3.0,19.0,1.0,2.0,4.0,4.0,4.0,4.0,3.0,3.0,3.0,3.0,4.0,4.0,3.0,3.0,3.0,4.0,3.0,3.0,4.0,4.0,4.0,4.0,3.0,4.0,4.0,4.0,4.0,4.0,4.0,4.0,4.0,5.0,5.0,3.0,3.0,3.0,3.0,4.0,3.0,3.0,2.0,3.0,3.0,4.0,,3.0,4.0,3.2857142857142856,3.0,3.5,3.75,4.0,4.666666666666667,3.0,3.25,3.0
Indonesia,1.0,1.0,3.0,20.0,2.0,2.0,5.0,4.0,3.0,3.0,,3.0,1.0,,,,,2.0,,4.0,3.0,3.0,2.0,5.0,5.0,4.0,3.0,5.0,3.0,1.0,3.0,4.0,4.0,4.0,5.0,5.0,5.0,3.0,2.0,2.0,5.0,3.0,4.0,3.0,4.0,4.0,3.0,1.0,1.0,3.0,3.75,,,3.0,4.25,3.4285714285714284,5.0,2.3333333333333335,3.75,2.6666666666666665
Indonesia,2.0,1.0,3.0,20.0,1.0,2.0,3.0,2.0,3.0,3.0,3.0,3.0,3.0,3.0,3.0,3.0,4.0,3.0,3.0,3.0,3.0,3.0,3.0,4.0,4.0,4.0,2.0,4.0,4.0,3.0,3.0,4.0,4.0,3.0,3.0,3.0,3.0,4.0,3.0,3.0,2.0,2.0,2.0,1.0,1.0,2.0,2.0,1.0,4.0,3.0,2.75,3.142857142857143,3.0,3.0,3.5,3.5714285714285716,3.0,3.3333333333333335,1.75,1.3333333333333333
Indonesia,1.0,1.0,,20.0,2.0,1.0,,,,,,,,,,,,,,,,,,,,,,,,,,,,,4.0,4.0,4.0,2.0,3.0,2.0,1.0,3.0,2.0,2.0,,,,,,,,,,,,,4.0,2.3333333333333335,2.0,
Indonesia,1.0,1.0,3.0,20.0,2.0,2.0,,,,,,,,,,,,1.0,,1.0,,2.0,,,,,,,,,,,,,,,,,,,,,,,,,,,,,,,,,,,,,,
Indonesia,1.0,1.0,2.0,20.0,1.0,2.0,3.0,3.0,3.0,3.0,3.0,3.0,3.0,3.0,3.0,3.0,3.0,3.0,3.0,3.0,3.0,3.0,3.0,3.0,3.0,3.0,3.0,3.0,3.0,3.0,3.0,3.0,3.0,3.0,3.0,3.0,3.0,3.0,3.0,3.0,3.0,3.0,3.0,3.0,3.0,3.0,3.0,3.0,3.0,3.0,3.0,3.0,3.0,3.0,3.0,3.0,3.0,3.0,3.0,3.0
Indonesia,2.0,1.0,2.0,22.0,2.0,2.0,2.0,3.0,3.0,3.0,3.0,3.0,3.0,4.0,3.0,4.0,3.0,2.0,2.0,2.0,2.0,1.0,1.0,,,,,,,,,,,,,,,,,,,,,,,,,,4.0,4.0,2.75,3.2857142857142856,2.0,1.5,,,,,,
Indonesia,1.0,2.0,2.0,23.0,1.0,2.0,4.0,4.0,4.0,4.0,3.0,3.0,3.0,4.0,4.0,3.0,3.0,2.0,4.0,2.0,2.0,2.0,2.0,5.0,4.0,4.0,4.0,3.0,4.0,3.0,3.0,3.0,3.0,3.0,2.0,1.0,1.0,3.0,4.0,3.0,2.0,1.0,2.0,3.0,3.0,3.0,4.0,4.0,2.0,3.0,4.0,3.2857142857142856,3.0,2.0,4.25,3.142857142857143,1.3333333333333333,3.3333333333333335,2.0,3.6666666666666665
Indonesia,1.0,1.0,2.0,23.0,2.0,2.0,2.0,3.0,3.0,3.0,,,,,,,,3.0,3.0,3.0,3.0,3.0,3.0,,,,,,,,,,,,,,,,,,,,,,,,,,,,2.75,,3.0,3.0,,,,,,
Indonesia,1.0,1.0,4.0,18.0,1.0,2.0,3.0,4.0,4.0,4.0,4.0,4.0,3.0,4.0,3.0,3.0,4.0,3.0,3.0,3.0,4.0,4.0,4.0,3.0,4.0,3.0,3.0,3.0,3.0,4.0,4.0,3.0,2.0,3.0,4.0,3.0,4.0,3.0,3.0,4.0,,3.0,3.0,3.0,4.0,2.0,3.0,4.0,3.0,3.0,3.75,3.5714285714285716,3.0,3.75,3.25,3.142857142857143,3.6666666666666665,3.3333333333333335,,3.6666666666666665
Indonesia,2.0,1.0,3.0,20.0,2.0,,,,,,,,,,,,,,,,,,,,,,,,,,,,,,,,,,,,,,,,,,,,,,,,,,,,,,,
Indonesia,1.0,1.0,4.0,20.0,1.0,2.0,4.0,4.0,3.0,3.0,2.0,3.0,4.0,2.0,4.0,,,3.0,2.0,4.0,4.0,4.0,4.0,,,,,,,,,,,,,,,,,,,,,,,,,,4.0,4.0,3.5,,2.5,4.0,,,,,,
Indonesia,1.0,,,,2.0,1.0,,,,,,,,,,,,,,,,,,,,,,,,,,,,,,,,,,,,,,,,,,,,,,,,,,,,,,
Indonesia,1.0,3.0,3.0,20.0,1.0,2.0,2.0,2.0,4.0,4.0,4.0,4.0,4.0,4.0,4.0,4.0,4.0,4.0,4.0,4.0,,4.0,4.0,5.0,5.0,5.0,5.0,4.0,4.0,4.0,4.0,4.0,4.0,4.0,,,,,,,,,,,4.0,2.0,4.0,4.0,4.0,4.0,3.0,4.0,4.0,,5.0,4.0,,,,4.0
Indonesia,2.0,1.0,2.0,24.0,1.0,2.0,4.0,3.0,4.0,3.0,3.0,3.0,3.0,3.0,3.0,4.0,3.0,4.0,4.0,2.0,3.0,3.0,4.0,3.0,3.0,4.0,4.0,4.0,3.0,3.0,3.0,3.0,3.0,3.0,3.0,3.0,3.0,3.0,3.0,4.0,4.0,3.0,4.0,3.0,4.0,2.0,3.0,3.0,4.0,3.0,3.5,3.142857142857143,4.0,3.0,3.5,3.142857142857143,3.0,3.3333333333333335,3.5,3.3333333333333335
Indonesia,1.0,1.0,,22.0,2.0,2.0,3.0,,,,1.0,3.0,2.0,3.0,3.0,2.0,2.0,1.0,,3.0,3.0,,,5.0,5.0,5.0,5.0,4.0,3.0,2.0,2.0,4.0,3.0,3.0,3.0,4.0,1.0,3.0,2.0,3.0,1.0,4.0,2.0,3.0,3.0,3.0,3.0,2.0,3.0,2.0,,2.2857142857142856,,,5.0,3.0,2.6666666666666665,2.6666666666666665,2.5,2.6666666666666665
Indonesia,1.0,1.0,2.0,21.0,2.0,3.0,,,,,,,,,,,,,,,,,,,,,,,,,,,,,2.0,3.0,2.0,2.0,3.0,1.0,3.0,2.0,2.0,3.0,,,,,,,,,,,,,2.3333333333333335,2.0,2.5,
Indonesia,1.0,1.0,4.0,20.0,2.0,2.0,3.0,2.0,4.0,3.0,2.0,3.0,3.0,3.0,3.0,3.0,3.0,3.0,3.0,3.0,3.0,3.0,3.0,5.0,4.0,4.0,2.0,3.0,3.0,3.0,3.0,3.0,3.0,3.0,4.0,4.0,3.0,3.0,4.0,5.0,3.0,2.0,3.0,3.0,2.0,2.0,2.0,2.0,3.0,3.0,3.0,2.857142857142857,3.0,3.0,3.75,3.0,3.6666666666666665,4.0,2.75,2.0
Indonesia,1.0,1.0,3.0,20.0,2.0,2.0,5.0,5.0,5.0,5.0,5.0,5.0,5.0,5.0,5.0,5.0,5.0,1.0,2.0,2.0,2.0,2.0,2.0,5.0,5.0,5.0,3.0,4.0,4.0,4.0,4.0,4.0,4.0,4.0,,,,,,,,,,,4.0,3.0,5.0,5.0,5.0,5.0,5.0,5.0,1.5,2.0,4.5,4.0,,,,4.666666666666667
Indonesia,1.0,1.0,4.0,20.0,2.0,2.0,4.0,3.0,4.0,4.0,3.0,3.0,3.0,2.0,3.0,3.0,3.0,3.0,,2.0,,3.0,3.0,3.0,3.0,4.0,1.0,3.0,3.0,2.0,3.0,3.0,3.0,3.0,4.0,3.0,4.0,3.0,3.0,2.0,2.0,2.0,2.0,1.0,1.0,2.0,3.0,2.0,2.0,2.0,3.75,2.857142857142857,,,2.75,2.857142857142857,3.6666666666666665,2.6666666666666665,1.75,2.0
Indonesia,2.0,2.0,2.0,35.0,2.0,3.0,,,,,,,,,,,,,,,,,,,,,,,,,,,,,,,,,,,,,,,,,,,,,,,,,,,,,,
Indonesia,1.0,1.0,2.0,20.0,2.0,2.0,3.0,3.0,3.0,3.0,3.0,3.0,3.0,3.0,3.0,3.0,3.0,3.0,3.0,3.0,3.0,3.0,3.0,5.0,5.0,5.0,5.0,3.0,3.0,3.0,3.0,3.0,3.0,3.0,,,,3.0,3.0,3.0,3.0,3.0,3.0,3.0,3.0,3.0,3.0,3.0,3.0,3.0,3.0,3.0,3.0,3.0,5.0,3.0,,3.0,3.0,3.0
Indonesia,1.0,1.0,4.0,20.0,2.0,2.0,2.0,2.0,1.0,2.0,2.0,3.0,3.0,4.0,3.0,4.0,3.0,2.0,2.0,4.0,4.0,4.0,4.0,3.0,4.0,5.0,1.0,5.0,4.0,2.0,2.0,4.0,3.0,3.0,,,,1.0,4.0,4.0,1.0,1.0,3.0,4.0,3.0,2.0,2.0,3.0,3.0,3.0,1.75,3.142857142857143,2.0,4.0,3.25,3.2857142857142856,,3.0,2.25,2.6666666666666665
Indonesia,1.0,1.0,2.0,18.0,2.0,,,,,,,,,,,,,,,,,,,,,,,,,,,,,,,,,,,,,,,,,,,,,,,,,,,,,,,
Indonesia,1.0,1.0,2.0,22.0,2.0,2.0,3.0,3.0,3.0,4.0,4.0,4.0,1.0,2.0,3.0,2.0,4.0,4.0,3.0,4.0,4.0,4.0,4.0,3.0,2.0,5.0,1.0,4.0,3.0,4.0,3.0,4.0,3.0,4.0,4.0,5.0,3.0,3.0,3.0,3.0,2.0,3.0,3.0,3.0,3.0,3.0,3.0,3.0,4.0,4.0,3.25,2.857142857142857,3.5,4.0,2.75,3.5714285714285716,4.0,3.0,2.75,3.0
Indonesia,2.0,1.0,2.0,22.0,2.0,2.0,4.0,5.0,3.0,5.0,5.0,3.0,,4.0,5.0,4.0,3.0,4.0,3.0,5.0,5.0,5.0,5.0,4.0,3.0,3.0,4.0,5.0,4.0,3.0,4.0,5.0,4.0,4.0,3.0,5.0,5.0,4.0,5.0,4.0,3.0,3.0,3.0,3.0,4.0,1.0,4.0,5.0,5.0,4.0,4.25,,3.5,5.0,3.5,4.142857142857143,4.333333333333333,4.333333333333333,3.0,4.333333333333333
Indonesia,1.0,1.0,2.0,19.0,2.0,2.0,4.0,3.0,3.0,5.0,3.0,3.0,1.0,1.0,1.0,1.0,1.0,1.0,3.0,1.0,4.0,3.0,3.0,5.0,5.0,5.0,5.0,5.0,5.0,5.0,5.0,5.0,5.0,5.0,5.0,5.0,5.0,1.0,5.0,1.0,5.0,5.0,5.0,1.0,1.0,1.0,4.0,4.0,3.0,3.0,3.75,1.5714285714285714,2.0,2.75,5.0,5.0,5.0,2.3333333333333335,4.0,3.0
Indonesia,1.0,,4.0,20.0,1.0,,,,,,,,,,,,,,,,,,,,,,,,,,,,,,,,,,,,,,,,,,,,,,,,,,,,,,,
Indonesia,1.0,1.0,3.0,,1.0,2.0,3.0,3.0,4.0,4.0,3.0,3.0,3.0,3.0,3.0,3.0,3.0,3.0,3.0,3.0,4.0,3.0,4.0,,,,,,,,,,,,,,,,,,,,,,4.0,3.0,2.0,3.0,3.0,3.0,3.5,3.0,3.0,3.5,,,,,,3.0
Indonesia,2.0,1.0,2.0,22.0,2.0,2.0,,,,,,,,,,,,3.0,,3.0,,3.0,,,,,,,,,,,,,,,,,,,,,,,,,,,,,,,,,,,,,,
Indonesia,1.0,1.0,2.0,19.0,2.0,2.0,3.0,3.0,3.0,3.0,4.0,4.0,4.0,3.0,4.0,,,,,3.0,,3.0,3.0,2.0,3.0,3.0,3.0,3.0,3.0,2.0,2.0,3.0,3.0,3.0,3.0,5.0,1.0,3.0,2.0,2.0,3.0,3.0,3.0,3.0,3.0,3.0,4.0,3.0,3.0,4.0,3.0,,,,2.75,2.7142857142857144,3.0,2.3333333333333335,3.0,3.3333333333333335
Indonesia,1.0,1.0,2.0,18.0,1.0,2.0,3.0,4.0,4.0,2.0,1.0,3.0,3.0,3.0,3.0,3.0,3.0,3.0,3.0,2.0,2.0,2.0,3.0,5.0,3.0,2.0,5.0,3.0,3.0,1.0,4.0,3.0,2.0,2.0,3.0,3.0,4.0,3.0,3.0,3.0,3.0,2.0,1.0,2.0,2.0,2.0,2.0,2.0,3.0,3.0,3.25,2.7142857142857144,3.0,2.25,3.75,2.5714285714285716,3.3333333333333335,3.0,2.0,2.0
Indonesia,1.0,1.0,2.0,19.0,1.0,,,,,,,,,,,,,,,,,,,,,,,,,,,,,,,,,,,,,,,,,,,,,,,,,,,,,,,
Indonesia,2.0,2.0,2.0,24.0,2.0,,,,,,,,,,,,,,,,,,,,,,,,,,,,,,,,,,,,,,,,,,,,,,,,,,,,,,,
Indonesia,2.0,1.0,2.0,25.0,2.0,2.0,3.0,3.0,3.0,3.0,3.0,3.0,3.0,3.0,3.0,3.0,3.0,2.0,3.0,3.0,3.0,2.0,3.0,3.0,2.0,2.0,2.0,2.0,3.0,3.0,3.0,3.0,3.0,3.0,,,,,,,,,,,3.0,3.0,3.0,3.0,3.0,3.0,3.0,3.0,2.5,2.75,2.25,2.857142857142857,,,,3.0
Indonesia,1.0,1.0,2.0,19.0,2.0,2.0,3.0,3.0,3.0,3.0,,,,,,,,3.0,,2.0,,2.0,,,,,,,,,,,,,,,,,,,,,,,,,,,,,3.0,,,,,,,,,
Indonesia,1.0,1.0,2.0,18.0,1.0,,,,,,,,,,,,,,,,,,,,,,,,,,,,,,,,,,,,,,,,,,,,,,,,,,,,,,,
Indonesia,1.0,1.0,2.0,18.0,1.0,2.0,5.0,5.0,5.0,5.0,5.0,5.0,5.0,5.0,5.0,5.0,5.0,5.0,5.0,5.0,5.0,5.0,5.0,5.0,4.0,5.0,5.0,4.0,4.0,4.0,4.0,4.0,4.0,4.0,4.0,3.0,4.0,4.0,4.0,4.0,4.0,4.0,4.0,4.0,4.0,3.0,5.0,3.0,5.0,5.0,5.0,5.0,5.0,5.0,4.75,4.0,3.6666666666666665,4.0,4.0,4.0
Indonesia,1.0,1.0,2.0,19.0,2.0,2.0,3.0,3.0,3.0,3.0,3.0,3.0,2.0,2.0,2.0,3.0,3.0,4.0,3.0,2.0,3.0,3.0,3.0,2.0,3.0,4.0,3.0,3.0,3.0,3.0,4.0,3.0,3.0,3.0,3.0,3.0,3.0,2.0,3.0,3.0,4.0,4.0,4.0,4.0,4.0,2.0,3.0,4.0,3.0,2.0,3.0,2.5714285714285716,3.5,2.75,3.0,3.142857142857143,3.0,2.6666666666666665,4.0,3.6666666666666665
Indonesia,1.0,1.0,2.0,19.0,2.0,2.0,3.0,3.0,3.0,3.0,3.0,3.0,3.0,3.0,3.0,3.0,3.0,3.0,3.0,3.0,3.0,3.0,3.0,5.0,5.0,5.0,5.0,3.0,3.0,3.0,3.0,3.0,3.0,3.0,2.0,2.0,2.0,3.0,3.0,3.0,4.0,3.0,2.0,3.0,3.0,3.0,3.0,3.0,3.0,3.0,3.0,3.0,3.0,3.0,5.0,3.0,2.0,3.0,3.0,3.0
Indonesia,1.0,1.0,3.0,20.0,2.0,2.0,,,,,,,,,,,,3.0,,2.0,,3.0,,,,,,,,,,,,,,,,,,,,,,,,,,,,,,,,,,,,,,
Indonesia,1.0,2.0,2.0,54.0,1.0,1.0,,,,,,,,,,,,,,,,,,,,,,,,,,,,,,,,,,,,,,,,,,,,,,,,,,,,,,
Indonesia,2.0,1.0,4.0,19.0,2.0,2.0,3.0,4.0,4.0,,,,,,,,,3.0,3.0,3.0,2.0,2.0,2.0,4.0,3.0,5.0,3.0,4.0,3.0,1.0,4.0,4.0,4.0,4.0,,,,,,,,,,,,,,,,,,,3.0,2.25,3.75,3.4285714285714284,,,,
Indonesia,1.0,1.0,2.0,20.0,1.0,2.0,,,,,,,,,,,,3.0,3.0,3.0,3.0,3.0,3.0,,,,,,,,,,,,,,,,,,,,,,,,,,,,,,3.0,3.0,,,,,,
Indonesia,1.0,1.0,2.0,21.0,1.0,2.0,,,,,,,,,,,,3.0,3.0,4.0,3.0,3.0,3.0,,,,,,,,,,,,,,,,,,,,,,,,,,,,,,3.0,3.25,,,,,,
Indonesia,1.0,1.0,4.0,20.0,1.0,2.0,4.0,4.0,5.0,5.0,5.0,4.0,2.0,4.0,4.0,4.0,4.0,,,4.0,4.0,5.0,,5.0,3.0,2.0,1.0,4.0,4.0,3.0,4.0,5.0,3.0,3.0,2.0,2.0,2.0,2.0,4.0,3.0,1.0,2.0,2.0,2.0,2.0,3.0,4.0,3.0,4.0,3.0,4.5,3.857142857142857,,,2.75,3.7142857142857144,2.0,3.0,1.75,3.0
Indonesia,1.0,1.0,2.0,19.0,1.0,2.0,4.0,4.0,4.0,,3.0,3.0,3.0,3.0,3.0,3.0,3.0,3.0,4.0,3.0,4.0,3.0,4.0,4.0,4.0,4.0,4.0,4.0,4.0,4.0,4.0,4.0,4.0,4.0,3.0,3.0,3.0,1.0,3.0,3.0,3.0,3.0,3.0,3.0,4.0,2.0,4.0,4.0,4.0,3.0,,3.0,3.5,3.5,4.0,4.0,3.0,2.3333333333333335,3.0,4.0
Indonesia,1.0,1.0,2.0,19.0,1.0,2.0,4.0,3.0,4.0,4.0,4.0,4.0,4.0,4.0,4.0,4.0,4.0,4.0,,4.0,4.0,4.0,4.0,4.0,4.0,5.0,2.0,4.0,4.0,3.0,4.0,4.0,5.0,4.0,3.0,3.0,3.0,3.0,3.0,4.0,3.0,3.0,4.0,2.0,2.0,3.0,3.0,2.0,4.0,4.0,3.75,4.0,,4.0,3.75,4.0,3.0,3.3333333333333335,3.0,2.3333333333333335
Indonesia,1.0,1.0,2.0,18.0,1.0,1.0,,,,,,,,,,,,,,,,,,,,,,,,,,,,,2.0,3.0,3.0,3.0,3.0,3.0,2.0,2.0,2.0,3.0,,,,,,,,,,,,,2.6666666666666665,3.0,2.25,
Indonesia,2.0,1.0,4.0,22.0,4.0,2.0,3.0,3.0,3.0,3.0,2.0,2.0,3.0,2.0,3.0,3.0,1.0,3.0,3.0,2.0,3.0,3.0,3.0,4.0,3.0,2.0,1.0,2.0,,3.0,,4.0,,3.0,5.0,5.0,5.0,2.0,1.0,1.0,,3.0,3.0,3.0,2.0,4.0,2.0,2.0,2.0,2.0,3.0,2.2857142857142856,3.0,2.75,2.5,,5.0,1.3333333333333333,,2.0
Indonesia,1.0,1.0,3.0,20.0,2.0,2.0,4.0,4.0,4.0,4.0,4.0,3.0,,3.0,5.0,,3.0,4.0,,2.0,2.0,4.0,3.0,5.0,5.0,5.0,5.0,5.0,4.0,2.0,4.0,4.0,5.0,4.0,3.0,4.0,3.0,2.0,5.0,5.0,4.0,4.0,4.0,1.0,4.0,2.0,5.0,2.0,2.0,3.0,4.0,,,2.75,5.0,4.0,3.3333333333333335,4.0,3.25,3.6666666666666665
Indonesia,1.0,1.0,4.0,20.0,1.0,2.0,2.0,3.0,5.0,4.0,,,,,,,,2.0,2.0,1.0,2.0,2.0,2.0,,,,,,,,,,,,,,,,,,,,,,,,,,,,3.5,,2.0,1.75,,,,,,
Indonesia,1.0,1.0,3.0,20.0,2.0,2.0,3.0,3.0,3.0,3.0,3.0,3.0,3.0,3.0,3.0,3.0,3.0,3.0,3.0,3.0,3.0,4.0,4.0,5.0,4.0,5.0,3.0,4.0,3.0,4.0,4.0,4.0,4.0,4.0,,,,,,,,,,,3.0,4.0,2.0,3.0,3.0,3.0,3.0,3.0,3.0,3.5,4.25,3.857142857142857,,,,2.6666666666666665
Indonesia,2.0,1.0,3.0,24.0,1.0,2.0,,,,,,,,,,,,2.0,,2.0,,4.0,,,,,,,,,,,,,,,,,,,,,,,,,,,,,,,,,,,,,,
Indonesia,1.0,1.0,3.0,20.0,1.0,2.0,4.0,4.0,4.0,4.0,,,,,4.0,,,3.0,,4.0,3.0,4.0,3.0,5.0,4.0,3.0,5.0,5.0,4.0,3.0,3.0,3.0,3.0,3.0,1.0,3.0,2.0,4.0,4.0,3.0,3.0,2.0,2.0,1.0,4.0,4.0,4.0,3.0,3.0,,4.0,,,3.5,4.25,3.4285714285714284,2.0,3.6666666666666665,2.0,3.6666666666666665
Indonesia,1.0,2.0,3.0,20.0,1.0,1.0,,,,,,,,,,,,,,,,,,,,,,,,,,,,,4.0,4.0,4.0,3.0,1.0,2.0,4.0,1.0,2.0,5.0,,,,,,,,,,,,,4.0,2.0,3.0,
Indonesia,1.0,1.0,3.0,21.0,1.0,2.0,4.0,3.0,3.0,3.0,3.0,3.0,3.0,3.0,3.0,2.0,2.0,2.0,2.0,4.0,4.0,4.0,4.0,5.0,5.0,4.0,4.0,5.0,4.0,4.0,4.0,5.0,4.0,4.0,5.0,1.0,3.0,3.0,3.0,2.0,5.0,5.0,5.0,5.0,2.0,1.0,3.0,1.0,3.0,3.0,3.25,2.7142857142857144,2.0,4.0,4.5,4.285714285714286,3.0,2.6666666666666665,5.0,2.0
Indonesia,1.0,1.0,2.0,22.0,2.0,2.0,2.0,2.0,2.0,2.0,1.0,3.0,2.0,4.0,2.0,2.0,2.0,1.0,3.0,3.0,2.0,3.0,2.0,5.0,5.0,,5.0,3.0,4.0,4.0,4.0,3.0,4.0,3.0,,,,,,,,,,,2.0,3.0,3.0,3.0,1.0,2.0,2.0,2.2857142857142856,2.0,2.5,,3.5714285714285716,,,,2.6666666666666665
Indonesia,1.0,1.0,4.0,20.0,1.0,2.0,4.0,3.0,3.0,3.0,4.0,5.0,2.0,2.0,2.0,3.0,2.0,2.0,3.0,4.0,3.0,3.0,4.0,4.0,5.0,3.0,3.0,2.0,3.0,3.0,4.0,1.0,2.0,3.0,4.0,2.0,2.0,4.0,4.0,4.0,3.0,2.0,3.0,4.0,3.0,2.0,4.0,3.0,3.0,3.0,3.25,2.857142857142857,2.5,3.5,3.75,2.5714285714285716,2.6666666666666665,4.0,3.0,3.3333333333333335
Indonesia,2.0,1.0,2.0,23.0,2.0,2.0,2.0,2.0,2.0,2.0,2.0,2.0,2.0,2.0,2.0,2.0,2.0,2.0,2.0,2.0,2.0,2.0,2.0,5.0,5.0,5.0,5.0,3.0,3.0,3.0,3.0,2.0,3.0,3.0,,,,1.0,5.0,5.0,5.0,5.0,5.0,5.0,4.0,2.0,4.0,4.0,2.0,2.0,2.0,2.0,2.0,2.0,5.0,2.857142857142857,,3.6666666666666665,5.0,4.0
Indonesia,2.0,1.0,3.0,24.0,1.0,1.0,,,,,,,,,,,,,,,,,,,,,,,,,,,,,3.0,3.0,3.0,3.0,3.0,3.0,3.0,3.0,3.0,3.0,,,,,,,,,,,,,3.0,3.0,3.0,
Indonesia,1.0,1.0,3.0,23.0,1.0,2.0,4.0,3.0,2.0,3.0,3.0,5.0,1.0,3.0,2.0,3.0,3.0,1.0,1.0,3.0,,2.0,2.0,3.0,2.0,1.0,2.0,3.0,2.0,1.0,1.0,3.0,4.0,4.0,3.0,4.0,4.0,3.0,3.0,5.0,1.0,2.0,2.0,,5.0,3.0,3.0,4.0,1.0,2.0,3.0,2.857142857142857,1.0,,2.0,2.5714285714285716,3.6666666666666665,3.6666666666666665,,4.0
Indonesia,1.0,1.0,3.0,23.0,2.0,2.0,4.0,3.0,3.0,4.0,4.0,3.0,1.0,2.0,3.0,3.0,3.0,3.0,4.0,3.0,2.0,4.0,3.0,3.0,2.0,2.0,1.0,4.0,4.0,3.0,3.0,3.0,2.0,2.0,2.0,3.0,5.0,3.0,5.0,3.0,3.0,3.0,5.0,3.0,2.0,3.0,3.0,3.0,2.0,3.0,3.5,2.7142857142857144,3.5,3.0,2.0,3.0,3.3333333333333335,3.6666666666666665,3.5,2.6666666666666665
Indonesia,1.0,1.0,3.0,19.0,2.0,2.0,3.0,3.0,3.0,3.0,3.0,3.0,3.0,3.0,3.0,3.0,3.0,3.0,3.0,3.0,3.0,3.0,3.0,4.0,3.0,3.0,2.0,3.0,3.0,3.0,3.0,3.0,3.0,3.0,4.0,3.0,5.0,3.0,4.0,4.0,2.0,3.0,3.0,3.0,3.0,3.0,3.0,3.0,3.0,3.0,3.0,3.0,3.0,3.0,3.0,3.0,4.0,3.6666666666666665,2.75,3.0
Indonesia,1.0,1.0,3.0,19.0,2.0,2.0,3.0,3.0,3.0,3.0,2.0,3.0,2.0,2.0,1.0,3.0,1.0,3.0,3.0,3.0,3.0,2.0,3.0,1.0,3.0,5.0,5.0,2.0,3.0,2.0,3.0,2.0,2.0,3.0,3.0,3.0,5.0,3.0,1.0,3.0,4.0,1.0,1.0,3.0,3.0,3.0,2.0,2.0,3.0,3.0,3.0,2.0,3.0,2.75,3.5,2.4285714285714284,3.6666666666666665,2.3333333333333335,2.25,2.3333333333333335
Indonesia,1.0,1.0,1.0,22.0,1.0,2.0,3.0,3.0,3.0,3.0,3.0,3.0,3.0,3.0,3.0,3.0,3.0,3.0,3.0,3.0,3.0,3.0,3.0,1.0,1.0,1.0,1.0,1.0,1.0,1.0,1.0,1.0,1.0,1.0,,,,,,,,,,,3.0,3.0,3.0,3.0,3.0,3.0,3.0,3.0,3.0,3.0,1.0,1.0,,,,3.0
Indonesia,1.0,1.0,3.0,21.0,2.0,2.0,3.0,3.0,3.0,3.0,3.0,3.0,3.0,3.0,3.0,3.0,3.0,3.0,3.0,3.0,3.0,3.0,3.0,5.0,3.0,1.0,1.0,3.0,3.0,2.0,2.0,3.0,2.0,3.0,1.0,1.0,1.0,3.0,3.0,3.0,3.0,4.0,3.0,2.0,4.0,3.0,3.0,2.0,3.0,3.0,3.0,3.0,3.0,3.0,2.5,2.5714285714285716,1.0,3.0,3.0,3.0
Indonesia,1.0,1.0,2.0,19.0,1.0,1.0,,,,,,,,,,,,,,,,,,,,,,,,,,,,,4.0,3.0,3.0,3.0,3.0,5.0,5.0,5.0,3.0,4.0,,,,,,,,,,,,,3.3333333333333335,3.6666666666666665,4.25,
Indonesia,1.0,1.0,1.0,33.0,1.0,1.0,,,,,,,,,,,,,,,,,,,,,,,,,,,,,,,,,,,,,,,,,,,,,,,,,,,,,,
Indonesia,1.0,1.0,2.0,19.0,2.0,1.0,,,,,,,,,,,,,,,,,,,,,,,,,,,,,4.0,4.0,5.0,2.0,2.0,2.0,4.0,4.0,4.0,3.0,,,,,,,,,,,,,4.333333333333333,2.0,3.75,
Indonesia,1.0,1.0,3.0,20.0,1.0,1.0,,,,,,,,,,,,,,,,,,,,,,,,,,,,,,,,,,,,,,,,,,,,,,,,,,,,,,
Indonesia,1.0,2.0,1.0,21.0,1.0,1.0,,,,,,,,,,,,,,,,,,,,,,,,,,,,,1.0,2.0,4.0,1.0,2.0,1.0,1.0,1.0,1.0,1.0,,,,,,,,,,,,,2.3333333333333335,1.3333333333333333,1.0,
Indonesia,2.0,1.0,3.0,20.0,1.0,2.0,,,,,,,,,,,,3.0,,3.0,,4.0,,,,,,,,,,,,,,,,,,,,,,,,,,,,,,,,,,,,,,
Indonesia,2.0,1.0,3.0,23.0,2.0,1.0,,,,,,,,,,,,,,,,,,,,,,,,,,,,,2.0,3.0,2.0,1.0,1.0,1.0,1.0,3.0,2.0,2.0,,,,,,,,,,,,,2.3333333333333335,1.0,2.0,
Indonesia,1.0,1.0,3.0,21.0,1.0,2.0,3.0,2.0,3.0,2.0,3.0,3.0,3.0,3.0,3.0,3.0,3.0,3.0,,3.0,3.0,3.0,3.0,5.0,5.0,5.0,2.0,3.0,3.0,3.0,3.0,4.0,3.0,3.0,3.0,5.0,2.0,2.0,2.0,3.0,3.0,4.0,3.0,3.0,3.0,3.0,4.0,4.0,3.0,3.0,2.5,3.0,,3.0,4.25,3.142857142857143,3.3333333333333335,2.3333333333333335,3.25,3.6666666666666665
Indonesia,1.0,1.0,3.0,22.0,2.0,,,,,,,,,,,,,,,,,,,,,,,,,,,,,,,,,,,,,,,,,,,,,,,,,,,,,,,
Indonesia,1.0,1.0,2.0,19.0,1.0,2.0,4.0,4.0,3.0,4.0,4.0,4.0,4.0,4.0,4.0,4.0,4.0,3.0,4.0,4.0,4.0,3.0,3.0,5.0,4.0,5.0,5.0,4.0,4.0,4.0,4.0,4.0,3.0,3.0,4.0,3.0,5.0,4.0,4.0,4.0,3.0,2.0,2.0,1.0,4.0,3.0,4.0,3.0,4.0,4.0,3.75,4.0,3.5,3.5,4.75,3.7142857142857144,4.0,4.0,2.0,3.6666666666666665
Indonesia,1.0,1.0,3.0,21.0,1.0,2.0,,,,,,,,,,,,2.0,,1.0,,3.0,,,,,,,,,,,,,,,,,,,,,,,,,,,,,,,,,,,,,,
Indonesia,1.0,1.0,3.0,20.0,1.0,2.0,4.0,4.0,3.0,4.0,4.0,4.0,2.0,1.0,5.0,3.0,3.0,4.0,4.0,3.0,2.0,2.0,5.0,5.0,5.0,4.0,5.0,5.0,5.0,5.0,5.0,5.0,5.0,4.0,3.0,4.0,4.0,3.0,3.0,2.0,2.0,3.0,2.0,2.0,3.0,4.0,4.0,2.0,4.0,3.0,3.75,3.142857142857143,4.0,3.0,4.75,4.857142857142857,3.6666666666666665,2.6666666666666665,2.25,3.0
Indonesia,1.0,1.0,3.0,19.0,2.0,2.0,3.0,1.0,2.0,3.0,2.0,1.0,2.0,3.0,2.0,3.0,3.0,3.0,2.0,3.0,3.0,3.0,3.0,3.0,3.0,3.0,3.0,5.0,4.0,4.0,3.0,4.0,3.0,3.0,3.0,4.0,4.0,3.0,3.0,3.0,4.0,3.0,3.0,5.0,1.0,4.0,2.0,2.0,3.0,1.0,2.25,2.2857142857142856,2.5,3.0,3.0,3.7142857142857144,3.6666666666666665,3.0,3.75,1.6666666666666667
Indonesia,2.0,1.0,3.0,21.0,2.0,3.0,,,,,,,,,,,,,,,,,,,,,,,,,,,,,,4.0,4.0,3.0,5.0,1.0,3.0,3.0,3.0,4.0,,,,,,,,,,,,,,3.0,3.25,
Indonesia,1.0,1.0,3.0,21.0,2.0,,,,,,,,,,,,,,,,,,,,,,,,,,,,,,,,,,,,,,,,,,,,,,,,,,,,,,,
Indonesia,1.0,1.0,3.0,21.0,2.0,2.0,3.0,3.0,3.0,2.0,2.0,2.0,2.0,2.0,3.0,2.0,2.0,2.0,2.0,2.0,3.0,3.0,3.0,2.0,2.0,1.0,2.0,4.0,4.0,5.0,4.0,3.0,3.0,3.0,3.0,3.0,3.0,3.0,2.0,3.0,2.0,2.0,3.0,3.0,3.0,3.0,3.0,3.0,3.0,2.0,2.75,2.142857142857143,2.0,2.75,1.75,3.7142857142857144,3.0,2.6666666666666665,2.5,3.0
Indonesia,1.0,1.0,3.0,26.0,2.0,2.0,3.0,3.0,4.0,4.0,4.0,3.0,3.0,3.0,4.0,3.0,3.0,4.0,3.0,4.0,,4.0,4.0,5.0,4.0,2.0,1.0,4.0,4.0,4.0,4.0,4.0,4.0,4.0,,,,3.0,4.0,3.0,3.0,2.0,2.0,1.0,2.0,4.0,4.0,3.0,4.0,3.0,3.5,3.2857142857142856,3.5,,3.0,4.0,,3.3333333333333335,2.0,3.0
Indonesia,1.0,1.0,3.0,20.0,2.0,,,,,,,,,,,,,,,,,,,,,,,,,,,,,,,,,,,,,,,,,,,,,,,,,,,,,,,
Indonesia,1.0,1.0,3.0,19.0,2.0,2.0,4.0,4.0,4.0,4.0,4.0,4.0,4.0,4.0,4.0,4.0,4.0,4.0,4.0,4.0,4.0,4.0,4.0,4.0,2.0,4.0,2.0,4.0,4.0,4.0,4.0,4.0,4.0,4.0,2.0,2.0,2.0,2.0,3.0,2.0,3.0,1.0,5.0,1.0,4.0,2.0,4.0,4.0,4.0,4.0,4.0,4.0,4.0,4.0,3.0,4.0,2.0,2.3333333333333335,2.5,4.0
Indonesia,1.0,1.0,3.0,20.0,2.0,2.0,,,,,,,,,,,,,2.0,4.0,3.0,5.0,4.0,,,,,,,,,,,,,,,,,,,,,,,,,,,,,,,4.0,,,,,,
Indonesia,1.0,1.0,4.0,20.0,2.0,,,,,,,,,,,,,,,,,,,,,,,,,,,,,,,,,,,,,,,,,,,,,,,,,,,,,,,
Indonesia,1.0,1.0,3.0,22.0,1.0,1.0,,,,,,,,,,,,,,,,,,,,,,,,,,,,,2.0,4.0,5.0,3.0,3.0,4.0,2.0,2.0,3.0,4.0,,,,,,,,,,,,,3.6666666666666665,3.3333333333333335,2.75,
Indonesia,1.0,1.0,,22.0,1.0,2.0,1.0,1.0,1.0,1.0,1.0,1.0,1.0,1.0,1.0,1.0,1.0,2.0,,2.0,,2.0,,5.0,4.0,5.0,3.0,5.0,5.0,3.0,4.0,5.0,2.0,1.0,1.0,1.0,1.0,3.0,3.0,1.0,5.0,5.0,5.0,1.0,1.0,1.0,1.0,1.0,1.0,1.0,1.0,1.0,,,4.25,3.5714285714285716,1.0,2.3333333333333335,4.0,1.0
Indonesia,1.0,1.0,3.0,20.0,2.0,2.0,4.0,3.0,3.0,4.0,4.0,3.0,2.0,2.0,4.0,3.0,3.0,4.0,4.0,3.0,3.0,3.0,3.0,5.0,5.0,4.0,2.0,4.0,3.0,4.0,4.0,3.0,3.0,3.0,4.0,3.0,4.0,4.0,3.0,3.0,5.0,4.0,2.0,2.0,4.0,4.0,4.0,3.0,4.0,4.0,3.5,3.0,4.0,3.0,4.0,3.4285714285714284,3.6666666666666665,3.3333333333333335,3.25,3.6666666666666665
Indonesia,1.0,1.0,3.0,21.0,1.0,,,,,,,,,,,,,,,,,,,,,,,,,,,,,,,,,,,,,,,,,,,,,,,,,,,,,,,
Indonesia,1.0,1.0,3.0,21.0,1.0,1.0,,,,,,,,,,,,,,,,,,,,,,,,,,,,,,,,3.0,4.0,1.0,3.0,3.0,3.0,3.0,,,,,,,,,,,,,,2.6666666666666665,3.0,
Indonesia,2.0,1.0,2.0,20.0,2.0,2.0,3.0,4.0,3.0,3.0,3.0,3.0,3.0,3.0,3.0,3.0,3.0,3.0,,3.0,3.0,3.0,3.0,3.0,3.0,3.0,2.0,4.0,3.0,2.0,2.0,3.0,3.0,3.0,,,,3.0,3.0,3.0,1.0,2.0,1.0,1.0,3.0,3.0,3.0,2.0,3.0,3.0,3.25,3.0,,3.0,2.75,2.857142857142857,,3.0,1.25,2.6666666666666665
Indonesia,1.0,1.0,2.0,19.0,2.0,2.0,,,,,,,,,,,,4.0,4.0,4.0,4.0,4.0,4.0,,,,,,,,,,,,,,,,,,,,,,,,,,,,,,4.0,4.0,,,,,,
Indonesia,2.0,3.0,,19.0,1.0,2.0,4.0,5.0,,4.0,4.0,4.0,4.0,3.0,3.0,4.0,4.0,3.0,1.0,4.0,4.0,5.0,3.0,2.0,1.0,4.0,3.0,4.0,5.0,4.0,3.0,2.0,5.0,3.0,2.0,4.0,4.0,1.0,1.0,5.0,4.0,3.0,3.0,4.0,4.0,2.0,3.0,5.0,2.0,3.0,,3.7142857142857144,2.0,4.0,2.5,3.7142857142857144,3.3333333333333335,2.3333333333333335,3.5,4.0
Indonesia,1.0,1.0,3.0,20.0,2.0,2.0,4.0,3.0,3.0,4.0,5.0,3.0,3.0,3.0,4.0,3.0,3.0,4.0,3.0,4.0,4.0,3.0,4.0,5.0,5.0,5.0,4.0,5.0,4.0,3.0,4.0,5.0,4.0,4.0,1.0,4.0,3.0,4.0,4.0,4.0,3.0,3.0,3.0,2.0,3.0,3.0,3.0,2.0,5.0,5.0,3.5,3.4285714285714284,3.5,3.75,4.75,4.142857142857143,2.6666666666666665,4.0,2.75,2.6666666666666665
Indonesia,1.0,1.0,4.0,20.0,2.0,2.0,4.0,3.0,4.0,4.0,4.0,3.0,2.0,3.0,4.0,3.0,4.0,3.0,3.0,4.0,4.0,4.0,3.0,5.0,4.0,4.0,4.0,4.0,4.0,4.0,4.0,4.0,4.0,4.0,4.0,4.0,4.0,3.0,2.0,3.0,3.0,2.0,4.0,2.0,4.0,4.0,4.0,2.0,3.0,4.0,3.75,3.2857142857142856,3.0,3.75,4.25,4.0,4.0,2.6666666666666665,2.75,3.3333333333333335
Indonesia,1.0,1.0,4.0,21.0,1.0,,,,,,,,,,,,,,,,,,,,,,,,,,,,,,,,,,,,,,,,,,,,,,,,,,,,,,,
Indonesia,1.0,1.0,3.0,22.0,2.0,2.0,5.0,5.0,5.0,5.0,5.0,5.0,5.0,,5.0,5.0,5.0,4.0,,4.0,3.0,5.0,5.0,4.0,4.0,3.0,1.0,4.0,3.0,3.0,3.0,3.0,3.0,4.0,,,,,,,,,,,3.0,5.0,4.0,3.0,4.0,4.0,5.0,,,4.25,3.0,3.2857142857142856,,,,3.3333333333333335
Indonesia,2.0,1.0,3.0,23.0,2.0,2.0,4.0,4.0,4.0,4.0,3.0,4.0,4.0,4.0,4.0,4.0,4.0,,4.0,4.0,,4.0,4.0,3.0,3.0,4.0,4.0,3.0,3.0,3.0,3.0,3.0,4.0,4.0,4.0,2.0,5.0,3.0,3.0,3.0,3.0,3.0,3.0,3.0,3.0,4.0,4.0,3.0,4.0,3.0,4.0,3.857142857142857,,,3.5,3.2857142857142856,3.6666666666666665,3.0,3.0,3.3333333333333335
Indonesia,1.0,1.0,3.0,29.0,1.0,2.0,4.0,4.0,4.0,4.0,4.0,4.0,4.0,4.0,4.0,4.0,4.0,4.0,4.0,4.0,4.0,4.0,4.0,5.0,3.0,3.0,2.0,4.0,4.0,3.0,5.0,5.0,3.0,3.0,3.0,2.0,4.0,5.0,5.0,3.0,1.0,3.0,2.0,1.0,3.0,4.0,4.0,4.0,4.0,4.0,4.0,4.0,4.0,4.0,3.25,3.857142857142857,3.0,4.333333333333333,1.75,3.6666666666666665
Indonesia,2.0,1.0,3.0,,2.0,2.0,3.0,3.0,3.0,3.0,3.0,3.0,3.0,3.0,3.0,3.0,3.0,3.0,3.0,3.0,3.0,3.0,3.0,5.0,3.0,4.0,1.0,3.0,3.0,3.0,3.0,3.0,3.0,3.0,2.0,3.0,2.0,4.0,4.0,4.0,4.0,4.0,4.0,4.0,3.0,3.0,3.0,3.0,3.0,3.0,3.0,3.0,3.0,3.0,3.25,3.0,2.3333333333333335,4.0,4.0,3.0
Indonesia,1.0,1.0,2.0,18.0,1.0,1.0,,,,,,,,,,,,,,,,,,,,,,,,,,,,,,,,,,,,,,,,,,,,,,,,,,,,,,
Indonesia,1.0,1.0,,22.0,1.0,,,,,,,,,,,,,,,,,,,,,,,,,,,,,,,,,,,,,,,,,,,,,,,,,,,,,,,
Indonesia,2.0,1.0,4.0,26.0,1.0,2.0,3.0,3.0,4.0,3.0,3.0,3.0,3.0,3.0,3.0,3.0,3.0,3.0,3.0,5.0,4.0,5.0,5.0,5.0,3.0,3.0,1.0,5.0,4.0,5.0,3.0,5.0,4.0,4.0,3.0,3.0,3.0,3.0,3.0,3.0,3.0,3.0,3.0,3.0,3.0,3.0,3.0,3.0,3.0,3.0,3.25,3.0,3.0,4.75,3.0,4.285714285714286,3.0,3.0,3.0,3.0
Indonesia,1.0,1.0,3.0,20.0,2.0,2.0,4.0,4.0,4.0,4.0,4.0,4.0,4.0,4.0,4.0,4.0,4.0,3.0,3.0,5.0,4.0,5.0,5.0,5.0,5.0,5.0,4.0,4.0,4.0,4.0,4.0,4.0,4.0,4.0,4.0,4.0,4.0,4.0,4.0,3.0,4.0,5.0,4.0,4.0,4.0,2.0,4.0,4.0,4.0,4.0,4.0,4.0,3.0,4.75,4.75,4.0,4.0,3.6666666666666665,4.25,4.0
Indonesia,2.0,1.0,2.0,,2.0,,,,,,,,,,,,,,,,,,,,,,,,,,,,,,,,,,,,,,,,,,,,,,,,,,,,,,,
Indonesia,1.0,1.0,2.0,20.0,1.0,2.0,4.0,4.0,4.0,4.0,5.0,4.0,4.0,4.0,4.0,4.0,4.0,4.0,4.0,4.0,4.0,5.0,4.0,5.0,5.0,5.0,5.0,4.0,4.0,4.0,4.0,4.0,4.0,4.0,,,,3.0,3.0,4.0,2.0,2.0,3.0,1.0,4.0,2.0,4.0,4.0,4.0,4.0,4.0,4.142857142857143,4.0,4.25,5.0,4.0,,3.3333333333333335,2.0,4.0
Indonesia,2.0,1.0,4.0,20.0,1.0,1.0,,,,,,,,,,,,,,,,,,,,,,,,,,,,,,,,,,,,,,,,,,,,,,,,,,,,,,
Indonesia,1.0,1.0,2.0,21.0,2.0,2.0,3.0,3.0,4.0,4.0,3.0,3.0,3.0,3.0,1.0,3.0,3.0,3.0,,4.0,3.0,3.0,3.0,5.0,3.0,3.0,1.0,4.0,3.0,2.0,2.0,4.0,3.0,3.0,4.0,2.0,5.0,5.0,5.0,3.0,4.0,3.0,3.0,5.0,3.0,2.0,2.0,3.0,5.0,3.0,3.5,2.7142857142857144,,3.25,3.0,3.0,3.6666666666666665,4.333333333333333,3.75,2.6666666666666665
Indonesia,1.0,1.0,,,2.0,2.0,2.0,2.0,2.0,2.0,2.0,2.0,,,,,,2.0,2.0,2.0,2.0,2.0,2.0,,,,,,,,,,,,,,,,,,,,,,,,,,2.0,2.0,2.0,,2.0,2.0,,,,,,
Indonesia,1.0,1.0,3.0,20.0,2.0,2.0,3.0,4.0,3.0,3.0,3.0,3.0,3.0,3.0,4.0,3.0,3.0,3.0,3.0,3.0,3.0,3.0,3.0,5.0,3.0,5.0,2.0,3.0,3.0,3.0,4.0,3.0,3.0,3.0,2.0,1.0,5.0,3.0,5.0,3.0,3.0,3.0,3.0,1.0,2.0,2.0,3.0,2.0,3.0,3.0,3.25,3.142857142857143,3.0,3.0,3.75,3.142857142857143,2.6666666666666665,3.6666666666666665,2.5,2.3333333333333335
Indonesia,1.0,1.0,2.0,20.0,2.0,2.0,3.0,3.0,3.0,3.0,3.0,3.0,3.0,3.0,3.0,3.0,3.0,3.0,3.0,3.0,3.0,3.0,3.0,,,,,,,,,,,,,,,,,,,,,,3.0,3.0,3.0,3.0,3.0,3.0,3.0,3.0,3.0,3.0,,,,,,3.0
Indonesia,1.0,1.0,2.0,19.0,1.0,2.0,3.0,4.0,4.0,4.0,4.0,3.0,3.0,3.0,3.0,3.0,3.0,3.0,3.0,2.0,2.0,3.0,3.0,,,,,,,,,,,,,,,,,,,,,,,,,,3.0,4.0,3.75,3.142857142857143,3.0,2.5,,,,,,
Indonesia,1.0,1.0,4.0,20.0,2.0,2.0,4.0,3.0,3.0,3.0,3.0,3.0,3.0,2.0,3.0,3.0,3.0,3.0,,2.0,4.0,4.0,4.0,5.0,4.0,5.0,4.0,5.0,4.0,3.0,5.0,3.0,3.0,3.0,3.0,3.0,3.0,3.0,3.0,4.0,3.0,3.0,3.0,3.0,3.0,3.0,3.0,3.0,3.0,3.0,3.25,2.857142857142857,,3.5,4.5,3.7142857142857144,3.0,3.3333333333333335,3.0,3.0
Indonesia,1.0,1.0,2.0,21.0,1.0,2.0,3.0,3.0,3.0,3.0,3.0,3.0,3.0,3.0,3.0,3.0,3.0,3.0,3.0,3.0,3.0,3.0,3.0,3.0,3.0,3.0,3.0,3.0,3.0,3.0,3.0,3.0,3.0,3.0,3.0,3.0,3.0,3.0,3.0,3.0,3.0,3.0,3.0,3.0,3.0,3.0,3.0,3.0,3.0,3.0,3.0,3.0,3.0,3.0,3.0,3.0,3.0,3.0,3.0,3.0
Indonesia,1.0,1.0,4.0,20.0,1.0,2.0,3.0,2.0,3.0,4.0,5.0,3.0,5.0,3.0,5.0,3.0,3.0,3.0,4.0,4.0,3.0,3.0,3.0,5.0,5.0,5.0,5.0,4.0,4.0,3.0,2.0,4.0,4.0,4.0,2.0,4.0,2.0,5.0,5.0,5.0,3.0,1.0,1.0,1.0,2.0,4.0,4.0,3.0,3.0,2.0,3.0,3.857142857142857,3.5,3.25,5.0,3.5714285714285716,2.6666666666666665,5.0,1.5,3.0
Indonesia,1.0,1.0,3.0,19.0,2.0,2.0,,,,,,,,,,,,,,3.0,,3.0,3.0,,,,,,,,,,,,,,,,,,,,,,,,,,,,,,,,,,,,,
Indonesia,2.0,1.0,,24.0,2.0,,,,,,,,,,,,,,,,,,,,,,,,,,,,,,,,,,,,,,,,,,,,,,,,,,,,,,,
Indonesia,2.0,1.0,2.0,23.0,2.0,2.0,3.0,3.0,3.0,3.0,3.0,3.0,3.0,3.0,3.0,3.0,3.0,3.0,3.0,4.0,4.0,3.0,4.0,5.0,5.0,5.0,5.0,5.0,5.0,4.0,5.0,5.0,4.0,4.0,3.0,5.0,5.0,3.0,5.0,3.0,3.0,3.0,1.0,1.0,4.0,4.0,5.0,4.0,3.0,3.0,3.0,3.0,3.0,3.75,5.0,4.571428571428571,4.333333333333333,3.6666666666666665,2.0,4.333333333333333
Indonesia,1.0,1.0,3.0,22.0,1.0,1.0,,,,,,,,,,,,,,,,,,,,,,,,,,,,,2.0,5.0,5.0,1.0,1.0,1.0,3.0,5.0,5.0,3.0,,,,,,,,,,,,,4.0,1.0,4.0,
Indonesia,1.0,1.0,,19.0,1.0,1.0,,,,,,,,,,,,,,,,,,,,,,,,,,,,,3.0,3.0,3.0,3.0,5.0,5.0,1.0,1.0,5.0,4.0,,,,,,,,,,,,,3.0,4.333333333333333,2.75,
Indonesia,1.0,1.0,2.0,18.0,2.0,3.0,,,,,,,,,,,,,,,,,,,,,,,,,,,,,1.0,1.0,1.0,1.0,1.0,1.0,1.0,1.0,1.0,1.0,,,,,,,,,,,,,1.0,1.0,1.0,
Indonesia,1.0,1.0,2.0,31.0,2.0,2.0,3.0,3.0,3.0,3.0,3.0,3.0,3.0,3.0,3.0,3.0,3.0,3.0,3.0,3.0,3.0,3.0,3.0,3.0,3.0,5.0,3.0,3.0,3.0,3.0,3.0,3.0,3.0,3.0,1.0,1.0,1.0,5.0,5.0,1.0,1.0,1.0,1.0,1.0,3.0,3.0,3.0,3.0,3.0,3.0,3.0,3.0,3.0,3.0,3.5,3.0,1.0,3.6666666666666665,1.0,3.0
Indonesia,1.0,1.0,3.0,19.0,2.0,2.0,,,,,,,,,,,,,,3.0,,3.0,,,,,,,,,,,,,,,,,,,,,,,,,,,,,,,,,,,,,,
Indonesia,1.0,1.0,2.0,19.0,2.0,2.0,4.0,3.0,3.0,4.0,3.0,3.0,2.0,3.0,3.0,3.0,3.0,4.0,4.0,4.0,4.0,4.0,4.0,4.0,4.0,4.0,4.0,4.0,3.0,3.0,4.0,4.0,4.0,3.0,2.0,1.0,2.0,3.0,3.0,3.0,4.0,3.0,4.0,3.0,3.0,2.0,4.0,3.0,4.0,4.0,3.5,2.857142857142857,4.0,4.0,4.0,3.5714285714285716,1.6666666666666667,3.0,3.5,3.3333333333333335
Indonesia,1.0,1.0,2.0,19.0,2.0,1.0,,,,,,,,,,,,,,,,,,,,,,,,,,,,,1.0,2.0,3.0,5.0,3.0,3.0,3.0,1.0,1.0,1.0,,,,,,,,,,,,,2.0,3.6666666666666665,1.5,
Indonesia,1.0,1.0,2.0,18.0,2.0,2.0,,,,,,,,,,,,3.0,3.0,,3.0,3.0,3.0,,,,,,,,,,,,,,,,,,,,,,,,,,,,,,3.0,,,,,,,
Indonesia,1.0,1.0,2.0,18.0,2.0,2.0,2.0,2.0,4.0,4.0,3.0,3.0,3.0,3.0,3.0,3.0,3.0,3.0,3.0,3.0,3.0,4.0,4.0,5.0,4.0,5.0,5.0,4.0,3.0,2.0,3.0,3.0,3.0,3.0,3.0,5.0,3.0,2.0,3.0,1.0,4.0,4.0,4.0,3.0,4.0,3.0,3.0,3.0,3.0,3.0,3.0,3.0,3.0,3.5,4.75,3.0,3.6666666666666665,2.0,3.75,3.3333333333333335
Indonesia,2.0,1.0,3.0,21.0,2.0,2.0,5.0,4.0,3.0,5.0,5.0,3.0,3.0,1.0,5.0,3.0,3.0,,,2.0,2.0,2.0,2.0,5.0,3.0,1.0,1.0,4.0,2.0,5.0,2.0,5.0,3.0,1.0,2.0,1.0,1.0,3.0,3.0,2.0,4.0,3.0,4.0,2.0,2.0,2.0,3.0,1.0,3.0,4.0,4.25,3.2857142857142856,,2.0,2.5,3.142857142857143,1.3333333333333333,2.6666666666666665,3.25,2.0
Indonesia,1.0,1.0,2.0,19.0,1.0,2.0,3.0,4.0,4.0,4.0,4.0,4.0,2.0,,4.0,,,4.0,2.0,4.0,,3.0,,5.0,5.0,5.0,1.0,5.0,5.0,5.0,5.0,5.0,4.0,3.0,1.0,2.0,1.0,2.0,3.0,2.0,2.0,2.0,2.0,2.0,2.0,2.0,5.0,4.0,4.0,4.0,3.75,,3.0,,4.0,4.571428571428571,1.3333333333333333,2.3333333333333335,2.0,3.6666666666666665
Indonesia,1.0,1.0,3.0,21.0,1.0,2.0,3.0,3.0,4.0,3.0,5.0,3.0,1.0,3.0,2.0,1.0,1.0,4.0,3.0,4.0,2.0,3.0,2.0,5.0,5.0,5.0,5.0,5.0,5.0,3.0,4.0,5.0,4.0,3.0,5.0,5.0,5.0,4.0,4.0,3.0,3.0,2.0,4.0,4.0,2.0,2.0,5.0,3.0,2.0,4.0,3.25,2.2857142857142856,3.5,2.75,5.0,4.142857142857143,5.0,3.6666666666666665,3.25,3.3333333333333335
Indonesia,1.0,1.0,2.0,21.0,1.0,1.0,,,,,,,,,,,,,,,,,,,,,,,,,,,,,,,,,,,,,,,,,,,,,,,,,,,,,,
Indonesia,2.0,1.0,4.0,20.0,2.0,2.0,4.0,3.0,3.0,2.0,3.0,3.0,3.0,3.0,3.0,3.0,3.0,3.0,4.0,3.0,4.0,5.0,3.0,5.0,5.0,5.0,3.0,4.0,4.0,3.0,3.0,4.0,4.0,4.0,5.0,2.0,5.0,4.0,4.0,3.0,5.0,5.0,3.0,5.0,3.0,3.0,3.0,2.0,3.0,2.0,3.0,3.0,3.5,3.75,4.5,3.7142857142857144,4.0,3.6666666666666665,4.5,2.6666666666666665
Indonesia,1.0,1.0,1.0,19.0,2.0,2.0,3.0,3.0,3.0,3.0,3.0,3.0,3.0,3.0,3.0,3.0,3.0,1.0,1.0,1.0,1.0,1.0,1.0,3.0,3.0,3.0,3.0,3.0,3.0,3.0,3.0,3.0,3.0,3.0,2.0,2.0,2.0,3.0,3.0,3.0,3.0,3.0,3.0,3.0,3.0,3.0,3.0,3.0,3.0,3.0,3.0,3.0,1.0,1.0,3.0,3.0,2.0,3.0,3.0,3.0
Indonesia,1.0,1.0,3.0,21.0,1.0,2.0,4.0,3.0,4.0,3.0,4.0,4.0,3.0,3.0,4.0,4.0,4.0,3.0,3.0,3.0,3.0,4.0,4.0,,,,,,,,,,,,,,,,,,,,,,4.0,2.0,4.0,4.0,4.0,3.0,3.5,3.7142857142857144,3.0,3.5,,,,,,4.0
Indonesia,1.0,1.0,2.0,18.0,1.0,2.0,3.0,4.0,4.0,4.0,4.0,4.0,3.0,4.0,4.0,4.0,4.0,3.0,3.0,3.0,3.0,4.0,3.0,5.0,5.0,5.0,5.0,5.0,5.0,3.0,4.0,5.0,5.0,4.0,3.0,2.0,1.0,3.0,3.0,2.0,4.0,3.0,3.0,2.0,3.0,2.0,4.0,2.0,3.0,4.0,3.75,3.857142857142857,3.0,3.25,5.0,4.428571428571429,2.0,2.6666666666666665,3.0,3.0
Indonesia,1.0,1.0,2.0,19.0,2.0,1.0,,,,,,,,,,,,,,,,,,,,,,,,,,,,,4.0,5.0,5.0,3.0,5.0,4.0,2.0,3.0,2.0,1.0,,,,,,,,,,,,,4.666666666666667,4.0,2.0,
Indonesia,2.0,1.0,3.0,21.0,2.0,2.0,3.0,3.0,3.0,3.0,3.0,3.0,3.0,3.0,3.0,3.0,3.0,2.0,3.0,3.0,3.0,3.0,3.0,4.0,3.0,1.0,1.0,3.0,4.0,4.0,3.0,3.0,3.0,3.0,1.0,1.0,1.0,1.0,1.0,1.0,1.0,1.0,1.0,1.0,3.0,3.0,3.0,3.0,3.0,3.0,3.0,3.0,2.5,3.0,2.25,3.2857142857142856,1.0,1.0,1.0,3.0
Indonesia,1.0,1.0,4.0,20.0,2.0,1.0,,,,,,,,,,,,,,,,,,,,,,,,,,,,,5.0,5.0,5.0,3.0,3.0,3.0,3.0,3.0,3.0,3.0,,,,,,,,,,,,,5.0,3.0,3.0,
Indonesia,1.0,1.0,4.0,22.0,1.0,3.0,,,,,,,,,,,,,,,,,,,,,,,,,,,,,,,,,,,,,,,,,,,,,,,,,,,,,,
Indonesia,,1.0,4.0,20.0,2.0,2.0,3.0,3.0,3.0,3.0,3.0,,,,3.0,3.0,,3.0,,4.0,,4.0,,1.0,,5.0,1.0,3.0,3.0,2.0,2.0,3.0,3.0,3.0,2.0,3.0,2.0,3.0,2.0,2.0,2.0,2.0,4.0,2.0,3.0,3.0,2.0,3.0,3.0,3.0,3.0,,,,,2.7142857142857144,2.3333333333333335,2.3333333333333335,2.5,2.6666666666666665
Indonesia,1.0,1.0,4.0,22.0,1.0,2.0,,,,,,,,,,,,3.0,4.0,2.0,2.0,3.0,3.0,,,,,,,,,,,,,,,,,,,,,,,,,,,,,,3.5,2.5,,,,,,
Indonesia,1.0,1.0,2.0,20.0,2.0,2.0,5.0,5.0,5.0,5.0,4.0,,4.0,,5.0,5.0,4.0,5.0,5.0,3.0,,3.0,,5.0,4.0,5.0,5.0,4.0,4.0,3.0,4.0,4.0,4.0,4.0,3.0,2.0,4.0,4.0,4.0,3.0,3.0,3.0,4.0,1.0,3.0,3.0,5.0,4.0,4.0,4.0,5.0,,5.0,,4.75,3.857142857142857,3.0,3.6666666666666665,2.75,4.0
Indonesia,1.0,1.0,4.0,20.0,2.0,2.0,3.0,3.0,3.0,3.0,3.0,3.0,3.0,3.0,3.0,3.0,3.0,3.0,,3.0,3.0,3.0,3.0,2.0,2.0,5.0,2.0,3.0,3.0,3.0,3.0,3.0,3.0,3.0,2.0,2.0,2.0,1.0,5.0,5.0,2.0,2.0,2.0,2.0,3.0,3.0,3.0,3.0,,3.0,3.0,3.0,,3.0,2.75,3.0,2.0,3.6666666666666665,2.0,3.0
Indonesia,1.0,3.0,2.0,40.0,1.0,1.0,,,,,,,,,,,,,,,,,,,,,,,,,,,,,3.0,4.0,3.0,2.0,3.0,1.0,2.0,2.0,4.0,2.0,,,,,,,,,,,,,3.3333333333333335,2.0,2.5,
Indonesia,1.0,1.0,4.0,21.0,2.0,2.0,2.0,3.0,4.0,5.0,3.0,,5.0,,3.0,,,2.0,,3.0,3.0,1.0,2.0,5.0,5.0,1.0,1.0,3.0,3.0,1.0,1.0,4.0,3.0,3.0,3.0,4.0,4.0,3.0,2.0,2.0,5.0,4.0,2.0,4.0,3.0,2.0,3.0,1.0,4.0,3.0,3.5,,,2.25,3.0,2.5714285714285716,3.6666666666666665,2.3333333333333335,3.75,2.3333333333333335
Indonesia,1.0,1.0,3.0,19.0,2.0,2.0,3.0,3.0,3.0,3.0,3.0,4.0,3.0,3.0,3.0,3.0,3.0,3.0,3.0,3.0,3.0,3.0,3.0,,,,,,,,,,,,,,,,,,,,,,3.0,3.0,3.0,3.0,3.0,3.0,3.0,3.142857142857143,3.0,3.0,,,,,,3.0
Indonesia,1.0,1.0,4.0,20.0,1.0,2.0,3.0,3.0,4.0,4.0,2.0,3.0,3.0,2.0,4.0,3.0,3.0,,,4.0,4.0,4.0,4.0,5.0,5.0,3.0,2.0,4.0,4.0,,3.0,4.0,4.0,4.0,4.0,4.0,5.0,3.0,4.0,2.0,2.0,3.0,3.0,3.0,2.0,2.0,3.0,3.0,3.0,3.0,3.5,2.857142857142857,,4.0,3.75,,4.333333333333333,3.0,2.75,2.6666666666666665
Indonesia,1.0,1.0,3.0,21.0,1.0,2.0,2.0,2.0,2.0,2.0,3.0,3.0,,3.0,2.0,2.0,3.0,1.0,5.0,4.0,3.0,4.0,2.0,,,,5.0,2.0,,2.0,2.0,4.0,,1.0,,,,,,,,,,,,,,,2.0,2.0,2.0,,3.0,3.25,,,,,,
Indonesia,1.0,1.0,3.0,23.0,1.0,3.0,,,,,,,,,,,,,,,,,,,,,,,,,,,,,3.0,3.0,3.0,4.0,4.0,4.0,2.0,2.0,2.0,2.0,,,,,,,,,,,,,3.0,4.0,2.0,
Indonesia,1.0,1.0,3.0,21.0,2.0,2.0,3.0,3.0,3.0,3.0,3.0,3.0,3.0,3.0,3.0,3.0,3.0,3.0,3.0,2.0,3.0,3.0,3.0,5.0,5.0,5.0,2.0,4.0,3.0,3.0,4.0,4.0,4.0,3.0,2.0,3.0,4.0,5.0,5.0,4.0,3.0,2.0,1.0,1.0,3.0,3.0,4.0,4.0,3.0,3.0,3.0,3.0,3.0,2.75,4.25,3.5714285714285716,3.0,4.666666666666667,1.75,3.6666666666666665
Indonesia,1.0,,2.0,21.0,2.0,,,,,,,,,,,,,,,,,,,,,,,,,,,,,,,,,,,,,,,,,,,,,,,,,,,,,,,
Indonesia,1.0,1.0,1.0,21.0,2.0,2.0,3.0,3.0,4.0,4.0,2.0,,,3.0,4.0,,,3.0,3.0,4.0,4.0,3.0,4.0,3.0,3.0,5.0,1.0,4.0,4.0,4.0,4.0,4.0,3.0,2.0,4.0,4.0,5.0,5.0,5.0,3.0,2.0,2.0,2.0,3.0,2.0,2.0,2.0,2.0,3.0,2.0,3.5,,3.0,3.75,3.0,3.5714285714285716,4.333333333333333,4.333333333333333,2.25,2.0
Indonesia,1.0,1.0,4.0,21.0,2.0,2.0,,,,,,,,,,,,4.0,,1.0,,5.0,,,,,,,,,,,,,,,,,,,,,,,,,,,,,,,,,,,,,,
Indonesia,1.0,1.0,3.0,22.0,1.0,2.0,,4.0,,5.0,,,,,,,,,,5.0,5.0,3.0,3.0,5.0,5.0,5.0,3.0,5.0,4.0,3.0,5.0,4.0,3.0,3.0,4.0,2.0,4.0,3.0,2.0,2.0,1.0,1.0,1.0,1.0,5.0,5.0,4.0,4.0,4.0,4.0,,,,4.0,4.5,3.857142857142857,3.3333333333333335,2.3333333333333335,1.0,4.333333333333333
Indonesia,1.0,1.0,4.0,,1.0,1.0,,,,,,,,,,,,,,,,,,,,,,,,,,,,,1.0,2.0,2.0,3.0,3.0,3.0,1.0,3.0,3.0,3.0,,,,,,,,,,,,,1.6666666666666667,3.0,2.5,
Indonesia,1.0,1.0,2.0,20.0,2.0,2.0,2.0,2.0,3.0,4.0,4.0,3.0,4.0,3.0,5.0,,3.0,4.0,3.0,5.0,5.0,3.0,3.0,,,,,,,,,,,,,,,,,,,,,,2.0,3.0,2.0,2.0,4.0,4.0,2.75,,3.5,4.0,,,,,,2.0
Indonesia,1.0,1.0,,21.0,1.0,2.0,4.0,4.0,4.0,3.0,,,,,,,,2.0,2.0,2.0,2.0,3.0,3.0,,,,,,,,,,,,,,,,,,,,,,,,,,,,3.75,,2.0,2.5,,,,,,
Indonesia,1.0,1.0,4.0,20.0,2.0,2.0,3.0,4.0,4.0,4.0,5.0,4.0,3.0,5.0,5.0,5.0,5.0,4.0,4.0,3.0,3.0,4.0,3.0,3.0,3.0,3.0,2.0,4.0,4.0,3.0,3.0,4.0,3.0,3.0,3.0,3.0,5.0,3.0,2.0,1.0,3.0,2.0,2.0,2.0,3.0,3.0,4.0,2.0,3.0,3.0,3.75,4.571428571428571,4.0,3.25,2.75,3.4285714285714284,3.6666666666666665,2.0,2.25,3.0
Indonesia,1.0,1.0,3.0,20.0,1.0,2.0,4.0,4.0,4.0,3.0,2.0,2.0,2.0,1.0,2.0,2.0,2.0,2.0,2.0,3.0,3.0,3.0,3.0,,,,,,,,,,,,,,,,,,,,,,,,,,2.0,2.0,3.75,1.8571428571428572,2.0,3.0,,,,,,
Indonesia,1.0,1.0,4.0,20.0,2.0,2.0,,,,,,,,,,,,1.0,2.0,3.0,3.0,3.0,2.0,,,,,,,,,,,,,,,,,,,,,,,,,,,,,,1.5,2.75,,,,,,
Indonesia,1.0,1.0,3.0,20.0,1.0,2.0,3.0,4.0,4.0,4.0,4.0,3.0,3.0,3.0,4.0,3.0,3.0,3.0,3.0,4.0,4.0,4.0,4.0,4.0,5.0,2.0,4.0,4.0,4.0,3.0,3.0,4.0,4.0,4.0,4.0,2.0,4.0,3.0,5.0,3.0,4.0,5.0,4.0,3.0,3.0,3.0,4.0,3.0,3.0,3.0,3.75,3.2857142857142856,3.0,4.0,3.75,3.7142857142857144,3.3333333333333335,3.6666666666666665,4.0,3.3333333333333335
Indonesia,1.0,1.0,3.0,20.0,2.0,2.0,,,,,,,,,,,,1.0,,2.0,,1.0,,,,,,,,,,,,,,,,,,,,,,,,,,,,,,,,,,,,,,
Indonesia,1.0,1.0,1.0,20.0,1.0,2.0,4.0,3.0,4.0,4.0,4.0,3.0,3.0,3.0,4.0,4.0,4.0,2.0,4.0,3.0,5.0,4.0,4.0,5.0,3.0,3.0,2.0,4.0,4.0,4.0,3.0,4.0,3.0,3.0,3.0,2.0,3.0,2.0,3.0,3.0,2.0,3.0,3.0,2.0,4.0,2.0,4.0,3.0,4.0,4.0,3.75,3.5714285714285716,3.0,4.0,3.25,3.5714285714285716,2.6666666666666665,2.6666666666666665,2.5,3.6666666666666665
Indonesia,1.0,1.0,4.0,21.0,2.0,,,,,,,,,,,,,,,,,,,,,,,,,,,,,,,,,,,,,,,,,,,,,,,,,,,,,,,
Indonesia,1.0,1.0,4.0,20.0,2.0,1.0,,,,,,,,,,,,,,,,,,,,,,,,,,,,,4.0,2.0,2.0,3.0,2.0,2.0,3.0,3.0,3.0,3.0,,,,,,,,,,,,,2.6666666666666665,2.3333333333333335,3.0,
Indonesia,1.0,1.0,3.0,20.0,2.0,2.0,3.0,3.0,4.0,4.0,2.0,3.0,3.0,3.0,4.0,4.0,3.0,3.0,,3.0,,3.0,,4.0,5.0,5.0,5.0,4.0,3.0,2.0,4.0,4.0,4.0,3.0,3.0,4.0,3.0,3.0,3.0,3.0,3.0,3.0,3.0,3.0,4.0,3.0,4.0,3.0,2.0,4.0,3.5,3.142857142857143,,,4.75,3.4285714285714284,3.3333333333333335,3.0,3.0,3.6666666666666665
Indonesia,1.0,1.0,3.0,19.0,2.0,2.0,3.0,3.0,4.0,4.0,2.0,,,,4.0,3.0,3.0,3.0,2.0,2.0,2.0,2.0,,4.0,4.0,4.0,4.0,2.0,3.0,3.0,3.0,3.0,3.0,3.0,1.0,2.0,2.0,3.0,3.0,3.0,3.0,3.0,3.0,3.0,2.0,3.0,3.0,2.0,3.0,3.0,3.5,,2.5,,4.0,2.857142857142857,1.6666666666666667,3.0,3.0,2.3333333333333335
Indonesia,1.0,1.0,3.0,22.0,2.0,3.0,,,,,,,,,,,,,,,,,,,,,,,,,,,,,2.0,2.0,1.0,4.0,4.0,3.0,2.0,2.0,2.0,1.0,,,,,,,,,,,,,1.6666666666666667,3.6666666666666665,1.75,
Indonesia,1.0,1.0,3.0,19.0,1.0,2.0,3.0,5.0,5.0,3.0,4.0,3.0,3.0,4.0,4.0,4.0,4.0,3.0,2.0,1.0,1.0,3.0,3.0,5.0,5.0,5.0,3.0,5.0,5.0,5.0,5.0,5.0,5.0,5.0,4.0,3.0,4.0,4.0,4.0,5.0,3.0,3.0,3.0,2.0,3.0,3.0,2.0,2.0,4.0,4.0,4.0,3.7142857142857144,2.5,2.0,4.5,5.0,3.6666666666666665,4.333333333333333,2.75,2.3333333333333335
Indonesia,1.0,1.0,4.0,19.0,2.0,2.0,4.0,4.0,3.0,3.0,3.0,3.0,2.0,2.0,2.0,3.0,3.0,3.0,4.0,2.0,2.0,2.0,2.0,3.0,3.0,3.0,3.0,5.0,5.0,4.0,5.0,4.0,4.0,4.0,5.0,5.0,5.0,3.0,3.0,3.0,3.0,4.0,3.0,3.0,2.0,3.0,3.0,3.0,2.0,3.0,3.5,2.5714285714285716,3.5,2.0,3.0,4.428571428571429,5.0,3.0,3.25,2.6666666666666665
Indonesia,1.0,1.0,,20.0,1.0,,,,,,,,,,,,,,,,,,,,,,,,,,,,,,,,,,,,,,,,,,,,,,,,,,,,,,,
Indonesia,1.0,1.0,3.0,19.0,2.0,2.0,4.0,3.0,4.0,5.0,3.0,3.0,3.0,2.0,3.0,3.0,3.0,2.0,4.0,2.0,2.0,3.0,3.0,5.0,5.0,5.0,5.0,5.0,3.0,3.0,5.0,5.0,5.0,5.0,2.0,1.0,3.0,2.0,5.0,3.0,5.0,5.0,4.0,5.0,2.0,2.0,1.0,1.0,4.0,3.0,4.0,2.857142857142857,3.0,2.5,5.0,4.428571428571429,2.0,3.3333333333333335,4.75,1.3333333333333333
Indonesia,1.0,1.0,3.0,20.0,1.0,2.0,4.0,4.0,4.0,4.0,4.0,4.0,4.0,3.0,4.0,4.0,4.0,3.0,3.0,3.0,3.0,3.0,3.0,4.0,3.0,5.0,3.0,4.0,4.0,4.0,4.0,4.0,4.0,4.0,4.0,4.0,4.0,3.0,3.0,5.0,3.0,1.0,3.0,3.0,4.0,2.0,4.0,4.0,4.0,4.0,4.0,3.857142857142857,3.0,3.0,3.75,4.0,4.0,3.6666666666666665,2.5,4.0
Indonesia,1.0,1.0,3.0,19.0,2.0,1.0,,,,,,,,,,,,,,,,,,,,,,,,,,,,,4.0,4.0,4.0,3.0,5.0,4.0,2.0,2.0,3.0,1.0,,,,,,,,,,,,,4.0,4.0,2.0,
Indonesia,1.0,1.0,3.0,19.0,1.0,1.0,,,,,,,,,,,,,,,,,,,,,,,,,,,,,5.0,5.0,5.0,3.0,3.0,4.0,4.0,1.0,2.0,1.0,,,,,,,,,,,,,5.0,3.3333333333333335,2.0,
Indonesia,1.0,1.0,3.0,19.0,1.0,2.0,4.0,4.0,3.0,4.0,3.0,3.0,3.0,3.0,3.0,3.0,3.0,3.0,3.0,3.0,3.0,4.0,4.0,5.0,5.0,4.0,5.0,5.0,3.0,3.0,4.0,4.0,3.0,3.0,3.0,3.0,3.0,4.0,4.0,3.0,3.0,3.0,5.0,3.0,3.0,3.0,4.0,3.0,3.0,3.0,3.75,3.0,3.0,3.5,4.75,3.5714285714285716,3.0,3.6666666666666665,3.5,3.3333333333333335
Indonesia,1.0,1.0,2.0,19.0,2.0,2.0,3.0,3.0,3.0,4.0,3.0,2.0,2.0,4.0,4.0,3.0,3.0,3.0,3.0,5.0,5.0,4.0,3.0,5.0,3.0,2.0,3.0,2.0,4.0,3.0,4.0,3.0,3.0,3.0,5.0,4.0,4.0,2.0,5.0,3.0,5.0,3.0,5.0,5.0,3.0,3.0,4.0,3.0,4.0,3.0,3.25,3.0,3.0,4.25,3.25,3.142857142857143,4.333333333333333,3.3333333333333335,4.5,3.3333333333333335
Indonesia,1.0,1.0,2.0,20.0,2.0,2.0,3.0,2.0,3.0,5.0,3.0,3.0,3.0,3.0,3.0,3.0,3.0,3.0,3.0,2.0,2.0,3.0,3.0,3.0,3.0,3.0,3.0,3.0,3.0,5.0,3.0,3.0,3.0,3.0,2.0,2.0,5.0,3.0,3.0,3.0,3.0,3.0,3.0,3.0,5.0,3.0,3.0,5.0,3.0,3.0,3.25,3.0,3.0,2.5,3.0,3.2857142857142856,3.0,3.0,3.0,4.333333333333333
Indonesia,1.0,1.0,4.0,20.0,2.0,2.0,,,,,,,,,,,,,,3.0,,3.0,,,,,,,,,,,,,,,,,,,,,,,,,,,,,,,,,,,,,,
Indonesia,2.0,1.0,3.0,20.0,2.0,1.0,,,,,,,,,,,,,,,,,,,,,,,,,,,,,,,,,,,,,,,,,,,,,,,,,,,,,,
Indonesia,1.0,1.0,4.0,20.0,2.0,2.0,4.0,4.0,5.0,4.0,3.0,3.0,3.0,3.0,3.0,3.0,3.0,2.0,2.0,1.0,2.0,1.0,1.0,5.0,1.0,5.0,1.0,4.0,3.0,3.0,4.0,4.0,3.0,3.0,2.0,2.0,2.0,3.0,3.0,3.0,4.0,4.0,3.0,3.0,4.0,2.0,3.0,3.0,3.0,3.0,4.25,3.0,2.0,1.25,3.0,3.4285714285714284,2.0,3.0,3.5,3.3333333333333335
Indonesia,1.0,1.0,4.0,21.0,2.0,2.0,3.0,3.0,4.0,3.0,3.0,4.0,4.0,3.0,4.0,4.0,3.0,3.0,3.0,4.0,3.0,5.0,3.0,5.0,3.0,5.0,3.0,4.0,3.0,4.0,4.0,3.0,3.0,3.0,3.0,3.0,3.0,3.0,2.0,4.0,4.0,3.0,3.0,3.0,3.0,3.0,4.0,4.0,4.0,4.0,3.25,3.5714285714285716,3.0,3.75,4.0,3.4285714285714284,3.0,3.0,3.25,3.6666666666666665
Indonesia,1.0,1.0,2.0,20.0,2.0,2.0,3.0,4.0,4.0,3.0,1.0,,,,3.0,,,4.0,,5.0,,5.0,,5.0,5.0,5.0,5.0,5.0,5.0,2.0,4.0,4.0,5.0,1.0,4.0,4.0,4.0,3.0,3.0,1.0,1.0,1.0,1.0,1.0,2.0,4.0,2.0,3.0,2.0,2.0,3.5,,,,5.0,3.7142857142857144,4.0,2.3333333333333335,1.0,2.3333333333333335
Indonesia,1.0,1.0,2.0,21.0,2.0,2.0,3.0,3.0,3.0,2.0,1.0,3.0,1.0,,2.0,1.0,,3.0,3.0,2.0,2.0,2.0,2.0,,,,,,,,,,,,,,,,,,,,,,3.0,3.0,4.0,4.0,1.0,1.0,2.75,,3.0,2.0,,,,,,3.6666666666666665
Indonesia,1.0,1.0,3.0,21.0,2.0,2.0,,3.0,5.0,5.0,,4.0,4.0,,4.0,,4.0,4.0,2.0,4.0,4.0,3.0,4.0,3.0,5.0,5.0,3.0,4.0,5.0,4.0,4.0,4.0,3.0,5.0,2.0,2.0,3.0,2.0,2.0,2.0,3.0,3.0,3.0,3.0,4.0,3.0,3.0,3.0,,,,,3.0,3.75,4.0,4.142857142857143,2.3333333333333335,2.0,3.0,3.3333333333333335
Indonesia,1.0,1.0,4.0,20.0,2.0,2.0,,,,,,,,,,,,2.0,3.0,2.0,2.0,2.0,2.0,,,,,,,,,,,,,,,,,,,,,,,,,,,,,,2.5,2.0,,,,,,
Indonesia,1.0,1.0,2.0,21.0,2.0,2.0,3.0,3.0,3.0,3.0,3.0,3.0,3.0,3.0,3.0,3.0,3.0,3.0,3.0,3.0,3.0,3.0,3.0,3.0,3.0,3.0,3.0,3.0,3.0,3.0,3.0,3.0,3.0,3.0,3.0,3.0,3.0,3.0,3.0,3.0,3.0,3.0,3.0,3.0,3.0,3.0,3.0,3.0,3.0,3.0,3.0,3.0,3.0,3.0,3.0,3.0,3.0,3.0,3.0,3.0
Indonesia,1.0,1.0,3.0,18.0,1.0,2.0,5.0,3.0,5.0,4.0,,3.0,3.0,,4.0,3.0,4.0,4.0,4.0,2.0,3.0,4.0,3.0,3.0,5.0,4.0,5.0,4.0,4.0,1.0,5.0,5.0,4.0,4.0,1.0,1.0,3.0,3.0,4.0,3.0,4.0,2.0,2.0,2.0,4.0,4.0,4.0,2.0,5.0,3.0,4.25,,4.0,3.0,4.25,3.857142857142857,1.6666666666666667,3.3333333333333335,2.5,3.3333333333333335
Indonesia,1.0,1.0,3.0,19.0,1.0,2.0,,,,,,,,,,,,3.0,,1.0,,3.0,,,,,,,,,,,,,,,,,,,,,,,,,,,,,,,,,,,,,,
Indonesia,1.0,1.0,2.0,19.0,2.0,2.0,,,,,,,,,,,,1.0,,1.0,,1.0,,,,,,,,,,,,,,,,,,,,,,,,,,,,,,,,,,,,,,
Indonesia,1.0,1.0,4.0,19.0,2.0,2.0,3.0,3.0,2.0,3.0,1.0,2.0,2.0,1.0,2.0,,,2.0,,2.0,,3.0,,1.0,2.0,4.0,1.0,2.0,,1.0,1.0,3.0,2.0,2.0,2.0,1.0,2.0,2.0,2.0,1.0,3.0,2.0,3.0,2.0,2.0,3.0,3.0,2.0,2.0,2.0,2.75,,,,2.0,,1.6666666666666667,1.6666666666666667,2.5,2.3333333333333335
Indonesia,2.0,1.0,3.0,19.0,2.0,2.0,4.0,4.0,3.0,4.0,3.0,3.0,3.0,3.0,4.0,4.0,3.0,4.0,4.0,3.0,3.0,2.0,2.0,,,,,,,,,,,,,,,,,,,,,,3.0,2.0,4.0,3.0,4.0,3.0,3.75,3.2857142857142856,4.0,2.5,,,,,,3.3333333333333335
Indonesia,1.0,1.0,3.0,21.0,1.0,2.0,3.0,4.0,4.0,4.0,5.0,3.0,,3.0,,3.0,,3.0,4.0,4.0,3.0,3.0,3.0,5.0,5.0,5.0,5.0,3.0,4.0,5.0,5.0,5.0,4.0,4.0,4.0,4.0,4.0,3.0,3.0,3.0,4.0,4.0,3.0,2.0,2.0,3.0,4.0,2.0,3.0,4.0,3.75,,3.5,3.25,5.0,4.285714285714286,4.0,3.0,3.25,2.6666666666666665
Indonesia,1.0,1.0,,19.0,2.0,2.0,4.0,4.0,4.0,4.0,3.0,3.0,2.0,2.0,3.0,3.0,3.0,,,2.0,2.0,2.0,2.0,5.0,5.0,5.0,3.0,4.0,4.0,4.0,3.0,4.0,4.0,4.0,4.0,5.0,5.0,4.0,4.0,4.0,4.0,4.0,3.0,2.0,2.0,3.0,2.0,2.0,3.0,3.0,4.0,2.7142857142857144,,2.0,4.5,3.857142857142857,4.666666666666667,4.0,3.25,2.0
Indonesia,1.0,1.0,4.0,19.0,2.0,2.0,4.0,3.0,4.0,4.0,3.0,3.0,3.0,3.0,4.0,2.0,3.0,2.0,2.0,2.0,2.0,2.0,2.0,5.0,5.0,5.0,5.0,4.0,4.0,4.0,4.0,4.0,4.0,4.0,5.0,5.0,5.0,5.0,5.0,5.0,5.0,5.0,5.0,5.0,2.0,4.0,2.0,1.0,2.0,2.0,3.75,3.0,2.0,2.0,5.0,4.0,5.0,5.0,5.0,1.6666666666666667
Indonesia,1.0,1.0,2.0,24.0,1.0,2.0,3.0,4.0,3.0,5.0,,4.0,3.0,2.0,2.0,4.0,3.0,3.0,2.0,1.0,2.0,,,5.0,5.0,5.0,3.0,5.0,5.0,5.0,4.0,4.0,4.0,4.0,3.0,4.0,3.0,4.0,3.0,3.0,4.0,1.0,2.0,1.0,2.0,2.0,3.0,3.0,3.0,3.0,3.75,,2.5,,4.5,4.428571428571429,3.3333333333333335,3.3333333333333335,2.0,2.6666666666666665
Indonesia,1.0,1.0,2.0,21.0,2.0,2.0,3.0,3.0,3.0,3.0,2.0,2.0,2.0,2.0,2.0,2.0,1.0,2.0,2.0,2.0,2.0,2.0,2.0,3.0,2.0,5.0,3.0,3.0,3.0,2.0,3.0,3.0,3.0,3.0,3.0,3.0,3.0,3.0,3.0,5.0,5.0,4.0,4.0,3.0,2.0,4.0,2.0,2.0,3.0,3.0,3.0,1.8571428571428572,2.0,2.0,3.25,2.857142857142857,3.0,3.6666666666666665,4.0,2.0
Indonesia,2.0,1.0,1.0,21.0,2.0,2.0,3.0,3.0,3.0,3.0,3.0,3.0,3.0,3.0,3.0,3.0,3.0,,3.0,,3.0,3.0,3.0,3.0,3.0,5.0,1.0,4.0,3.0,3.0,3.0,4.0,3.0,3.0,1.0,1.0,2.0,3.0,3.0,3.0,3.0,3.0,3.0,3.0,3.0,3.0,3.0,3.0,3.0,3.0,3.0,3.0,,,3.0,3.2857142857142856,1.3333333333333333,3.0,3.0,3.0
Indonesia,1.0,1.0,3.0,18.0,1.0,2.0,3.0,3.0,5.0,4.0,3.0,3.0,3.0,,3.0,4.0,,3.0,3.0,1.0,1.0,2.0,3.0,5.0,4.0,5.0,5.0,4.0,4.0,4.0,4.0,4.0,4.0,3.0,2.0,2.0,3.0,2.0,2.0,2.0,2.0,2.0,2.0,1.0,3.0,3.0,2.0,3.0,3.0,4.0,3.75,,3.0,1.75,4.75,3.857142857142857,2.3333333333333335,2.0,1.75,2.6666666666666665
Indonesia,1.0,1.0,,18.0,2.0,3.0,,,,,,,,,,,,,,,,,,,,,,,,,,,,,5.0,5.0,5.0,5.0,5.0,5.0,5.0,1.0,3.0,1.0,,,,,,,,,,,,,5.0,5.0,2.5,
Indonesia,1.0,1.0,2.0,21.0,1.0,2.0,4.0,2.0,3.0,2.0,2.0,3.0,2.0,,3.0,3.0,5.0,,2.0,2.0,3.0,3.0,3.0,,,,,,,,,,,,,,,,,,,,,,2.0,2.0,4.0,2.0,1.0,2.0,2.75,,,2.75,,,,,,2.6666666666666665
Indonesia,1.0,1.0,3.0,19.0,2.0,2.0,,,,,,,,,,,,,,,,,,,,,,,,,,,,,,,,,,,,,,,,,,,,,,,,,,,,,,
Indonesia,1.0,1.0,2.0,20.0,2.0,2.0,3.0,2.0,5.0,4.0,2.0,2.0,1.0,3.0,5.0,3.0,2.0,5.0,4.0,3.0,3.0,2.0,2.0,5.0,4.0,5.0,5.0,3.0,3.0,2.0,1.0,4.0,4.0,3.0,3.0,2.0,3.0,3.0,3.0,1.0,4.0,4.0,4.0,4.0,1.0,1.0,3.0,2.0,1.0,3.0,3.5,2.5714285714285716,4.5,2.5,4.75,2.857142857142857,2.6666666666666665,2.3333333333333335,4.0,2.0
Indonesia,1.0,1.0,2.0,21.0,2.0,2.0,4.0,4.0,4.0,5.0,2.0,4.0,4.0,2.0,4.0,4.0,2.0,4.0,4.0,4.0,4.0,4.0,4.0,4.0,2.0,2.0,3.0,4.0,4.0,1.0,4.0,4.0,2.0,2.0,2.0,2.0,3.0,2.0,2.0,3.0,4.0,4.0,4.0,3.0,4.0,2.0,4.0,4.0,4.0,2.0,4.25,3.142857142857143,4.0,4.0,2.75,3.0,2.3333333333333335,2.3333333333333335,3.75,4.0
Indonesia,1.0,1.0,3.0,20.0,1.0,,,,,,,,,,,,,,,,,,,,,,,,,,,,,,,,,,,,,,,,,,,,,,,,,,,,,,,
Indonesia,1.0,,4.0,20.0,1.0,3.0,,,,,,,,,,,,,,,,,,,,,,,,,,,,,3.0,2.0,3.0,3.0,4.0,3.0,2.0,1.0,2.0,1.0,,,,,,,,,,,,,2.6666666666666665,3.3333333333333335,1.5,
Indonesia,1.0,1.0,2.0,21.0,2.0,2.0,4.0,3.0,5.0,4.0,3.0,3.0,1.0,4.0,4.0,3.0,1.0,1.0,1.0,1.0,3.0,4.0,4.0,4.0,3.0,3.0,1.0,4.0,3.0,3.0,2.0,4.0,4.0,4.0,3.0,3.0,3.0,2.0,3.0,3.0,4.0,4.0,3.0,3.0,3.0,2.0,4.0,3.0,1.0,3.0,4.0,2.7142857142857144,1.0,3.0,2.75,3.4285714285714284,3.0,2.6666666666666665,3.5,3.3333333333333335
Indonesia,1.0,1.0,2.0,20.0,2.0,2.0,3.0,3.0,2.0,4.0,,3.0,,,4.0,3.0,,2.0,3.0,2.0,2.0,1.0,2.0,4.0,4.0,3.0,4.0,3.0,2.0,3.0,3.0,4.0,3.0,2.0,3.0,2.0,3.0,3.0,3.0,2.0,3.0,3.0,4.0,3.0,2.0,3.0,3.0,2.0,2.0,3.0,3.0,,2.5,1.75,3.75,2.857142857142857,2.6666666666666665,2.6666666666666665,3.25,2.3333333333333335
Indonesia,1.0,1.0,3.0,19.0,2.0,2.0,5.0,5.0,5.0,4.0,1.0,2.0,1.0,3.0,4.0,2.0,2.0,,2.0,,4.0,,5.0,5.0,5.0,4.0,4.0,4.0,5.0,3.0,4.0,4.0,5.0,4.0,,,,,,,,,,,2.0,1.0,4.0,3.0,4.0,3.0,4.75,2.142857142857143,,,4.5,4.142857142857143,,,,3.0
Indonesia,1.0,1.0,1.0,20.0,2.0,2.0,4.0,4.0,3.0,3.0,3.0,2.0,2.0,2.0,3.0,2.0,2.0,3.0,3.0,3.0,,3.0,3.0,3.0,3.0,3.0,2.0,4.0,4.0,2.0,3.0,4.0,4.0,4.0,4.0,3.0,4.0,3.0,5.0,5.0,3.0,3.0,3.0,2.0,4.0,2.0,3.0,3.0,3.0,3.0,3.5,2.2857142857142856,3.0,,2.75,3.5714285714285716,3.6666666666666665,4.333333333333333,2.75,3.3333333333333335
Indonesia,1.0,1.0,2.0,20.0,2.0,2.0,3.0,4.0,4.0,3.0,3.0,3.0,2.0,4.0,4.0,4.0,3.0,4.0,4.0,4.0,3.0,4.0,4.0,3.0,4.0,4.0,3.0,3.0,3.0,3.0,2.0,4.0,4.0,3.0,1.0,2.0,2.0,3.0,2.0,3.0,3.0,3.0,3.0,3.0,4.0,3.0,3.0,4.0,1.0,4.0,3.5,3.2857142857142856,4.0,3.75,3.5,3.142857142857143,1.6666666666666667,2.6666666666666665,3.0,3.6666666666666665
Indonesia,1.0,1.0,2.0,19.0,1.0,2.0,1.0,4.0,3.0,3.0,1.0,1.0,1.0,1.0,1.0,1.0,1.0,5.0,4.0,2.0,3.0,2.0,3.0,4.0,3.0,4.0,1.0,4.0,4.0,1.0,3.0,4.0,2.0,2.0,4.0,4.0,4.0,4.0,3.0,3.0,3.0,4.0,3.0,1.0,3.0,3.0,3.0,3.0,1.0,1.0,2.75,1.0,4.5,2.5,3.0,2.857142857142857,4.0,3.3333333333333335,2.75,3.0
Indonesia,1.0,1.0,3.0,26.0,2.0,,,,,,,,,,,,,,,,,,,,,,,,,,,,,,,,,,,,,,,,,,,,,,,,,,,,,,,
Indonesia,1.0,1.0,3.0,19.0,2.0,2.0,4.0,4.0,5.0,5.0,1.0,2.0,2.0,2.0,5.0,3.0,2.0,,4.0,,4.0,,5.0,5.0,5.0,4.0,3.0,4.0,5.0,3.0,4.0,5.0,5.0,4.0,4.0,5.0,4.0,3.0,4.0,3.0,4.0,4.0,3.0,4.0,3.0,2.0,4.0,4.0,4.0,4.0,4.5,2.4285714285714284,,,4.25,4.285714285714286,4.333333333333333,3.3333333333333335,3.75,3.6666666666666665
Indonesia,2.0,1.0,2.0,18.0,2.0,2.0,3.0,3.0,4.0,3.0,5.0,5.0,5.0,4.0,5.0,5.0,2.0,2.0,4.0,2.0,3.0,3.0,3.0,4.0,1.0,5.0,3.0,4.0,4.0,4.0,4.0,4.0,4.0,4.0,3.0,4.0,4.0,1.0,5.0,5.0,2.0,4.0,4.0,5.0,3.0,3.0,4.0,3.0,3.0,3.0,3.25,4.428571428571429,3.0,2.75,3.25,4.0,3.6666666666666665,3.6666666666666665,3.75,3.3333333333333335
Indonesia,1.0,1.0,2.0,21.0,2.0,1.0,,,,,,,,,,,,,,,,,,,,,,,,,,,,,,,,,,,,,,,,,,,,,,,,,,,,,,
Indonesia,1.0,1.0,4.0,22.0,2.0,3.0,,,,,,,,,,,,,,,,,,,,,,,,,,,,,4.0,3.0,4.0,3.0,5.0,2.0,3.0,2.0,4.0,2.0,,,,,,,,,,,,,3.6666666666666665,3.3333333333333335,2.75,
Indonesia,1.0,1.0,2.0,21.0,2.0,1.0,,,,,,,,,,,,,,,,,,,,,,,,,,,,,2.0,2.0,2.0,3.0,3.0,3.0,3.0,3.0,2.0,3.0,,,,,,,,,,,,,2.0,3.0,2.75,
Indonesia,1.0,1.0,3.0,19.0,1.0,2.0,4.0,3.0,4.0,4.0,4.0,3.0,3.0,2.0,4.0,3.0,3.0,3.0,3.0,2.0,2.0,3.0,2.0,5.0,5.0,5.0,5.0,5.0,5.0,5.0,5.0,5.0,4.0,4.0,3.0,4.0,5.0,1.0,1.0,1.0,4.0,4.0,4.0,3.0,3.0,3.0,4.0,3.0,2.0,3.0,3.75,3.142857142857143,3.0,2.25,5.0,4.714285714285714,4.0,1.0,3.75,3.3333333333333335
Indonesia,1.0,1.0,1.0,20.0,2.0,2.0,4.0,3.0,4.0,5.0,3.0,3.0,3.0,2.0,3.0,,4.0,3.0,2.0,5.0,3.0,5.0,4.0,3.0,4.0,3.0,3.0,4.0,4.0,4.0,4.0,5.0,3.0,3.0,2.0,1.0,2.0,2.0,3.0,1.0,3.0,3.0,3.0,3.0,2.0,2.0,3.0,3.0,3.0,3.0,4.0,,2.5,4.25,3.25,3.857142857142857,1.6666666666666667,2.0,3.0,2.6666666666666665
Indonesia,1.0,1.0,2.0,23.0,1.0,2.0,,,,,,,,,,,,1.0,,1.0,,5.0,,,,,,,,,,,,,,,,,,,,,,,,,,,,,,,,,,,,,,
Indonesia,1.0,1.0,2.0,20.0,2.0,1.0,,,,,,,,,,,,,,,,,,,,,,,,,,,,,5.0,5.0,5.0,3.0,5.0,3.0,1.0,3.0,3.0,1.0,,,,,,,,,,,,,5.0,3.6666666666666665,2.0,
Indonesia,1.0,1.0,3.0,24.0,1.0,2.0,1.0,1.0,1.0,1.0,1.0,1.0,1.0,1.0,1.0,1.0,1.0,1.0,1.0,1.0,1.0,1.0,1.0,1.0,1.0,1.0,1.0,1.0,1.0,1.0,1.0,1.0,1.0,1.0,1.0,1.0,1.0,1.0,1.0,1.0,1.0,1.0,1.0,1.0,1.0,5.0,1.0,1.0,1.0,1.0,1.0,1.0,1.0,1.0,1.0,1.0,1.0,1.0,1.0,1.0
Indonesia,1.0,1.0,4.0,21.0,2.0,2.0,,,,,,,,,,,,3.0,,4.0,,3.0,,,,,,,,,,,,,,,,,,,,,,,,,,,,,,,,,,,,,,
Indonesia,1.0,1.0,3.0,21.0,1.0,1.0,,,,,,,,,,,,,,,,,,,,,,,,,,,,,3.0,3.0,3.0,3.0,3.0,3.0,3.0,3.0,3.0,3.0,,,,,,,,,,,,,3.0,3.0,3.0,
Indonesia,1.0,1.0,1.0,22.0,2.0,3.0,,,,,,,,,,,,,,,,,,,,,,,,,,,,,2.0,3.0,2.0,2.0,5.0,2.0,4.0,3.0,3.0,3.0,,,,,,,,,,,,,2.3333333333333335,3.0,3.25,
Indonesia,1.0,1.0,2.0,20.0,2.0,2.0,4.0,4.0,4.0,4.0,5.0,5.0,5.0,5.0,5.0,5.0,5.0,1.0,5.0,3.0,5.0,3.0,5.0,4.0,5.0,5.0,5.0,2.0,3.0,3.0,3.0,4.0,4.0,4.0,2.0,2.0,4.0,3.0,3.0,3.0,3.0,3.0,3.0,3.0,4.0,2.0,4.0,4.0,5.0,5.0,4.0,5.0,3.0,4.0,4.75,3.2857142857142856,2.6666666666666665,3.0,3.0,4.0
Indonesia,1.0,1.0,3.0,22.0,1.0,,,,,,,,,,,,,,,,,,,,,,,,,,,,,,,,,,,,,,,,,,,,,,,,,,,,,,,
Indonesia,1.0,1.0,3.0,22.0,1.0,2.0,4.0,3.0,4.0,4.0,2.0,2.0,1.0,1.0,3.0,2.0,2.0,2.0,3.0,1.0,1.0,1.0,1.0,2.0,4.0,5.0,5.0,4.0,4.0,4.0,4.0,4.0,4.0,4.0,2.0,3.0,3.0,1.0,2.0,1.0,4.0,4.0,4.0,2.0,1.0,5.0,2.0,1.0,1.0,2.0,3.75,1.8571428571428572,2.5,1.0,4.0,4.0,2.6666666666666665,1.3333333333333333,3.5,1.3333333333333333
Indonesia,1.0,1.0,3.0,19.0,1.0,2.0,4.0,3.0,3.0,5.0,3.0,3.0,3.0,,3.0,3.0,,3.0,3.0,3.0,3.0,3.0,3.0,4.0,5.0,3.0,3.0,3.0,3.0,3.0,3.0,3.0,3.0,3.0,3.0,3.0,3.0,4.0,4.0,2.0,2.0,2.0,2.0,3.0,2.0,2.0,3.0,3.0,,3.0,3.75,,3.0,3.0,3.75,3.0,3.0,3.3333333333333335,2.25,2.6666666666666665
Indonesia,1.0,1.0,1.0,20.0,2.0,2.0,3.0,4.0,4.0,3.0,3.0,3.0,3.0,2.0,3.0,3.0,3.0,4.0,3.0,4.0,4.0,3.0,3.0,3.0,3.0,4.0,2.0,3.0,2.0,3.0,4.0,4.0,3.0,4.0,3.0,4.0,5.0,2.0,3.0,2.0,5.0,5.0,5.0,5.0,3.0,3.0,3.0,3.0,3.0,2.0,3.5,2.857142857142857,3.5,3.5,3.0,3.2857142857142856,4.0,2.3333333333333335,5.0,3.0
Indonesia,1.0,1.0,3.0,22.0,2.0,1.0,,,,,,,,,,,,,,,,,,,,,,,,,,,,,3.0,,,3.0,4.0,4.0,1.0,3.0,1.0,4.0,,,,,,,,,,,,,,3.6666666666666665,2.25,
Indonesia,1.0,1.0,1.0,23.0,1.0,1.0,,,,,,,,,,,,,,,,,,,,,,,,,,,,,,,,,,,,,,,,,,,,,,,,,,,,,,
Indonesia,1.0,1.0,4.0,19.0,1.0,2.0,5.0,5.0,5.0,5.0,3.0,3.0,3.0,3.0,3.0,4.0,3.0,4.0,4.0,2.0,3.0,2.0,1.0,5.0,5.0,5.0,5.0,3.0,3.0,2.0,3.0,3.0,3.0,3.0,2.0,2.0,2.0,4.0,4.0,3.0,4.0,4.0,3.0,2.0,4.0,3.0,4.0,2.0,3.0,3.0,5.0,3.142857142857143,4.0,2.0,5.0,2.857142857142857,2.0,3.6666666666666665,3.25,3.3333333333333335
Indonesia,1.0,1.0,2.0,22.0,2.0,2.0,3.0,3.0,3.0,3.0,3.0,3.0,3.0,,3.0,3.0,3.0,4.0,3.0,3.0,3.0,4.0,3.0,5.0,3.0,5.0,1.0,4.0,3.0,3.0,3.0,4.0,3.0,3.0,2.0,4.0,3.0,4.0,3.0,5.0,2.0,3.0,3.0,5.0,2.0,2.0,3.0,3.0,3.0,3.0,3.0,,3.5,3.25,3.5,3.2857142857142856,3.0,4.0,3.25,2.6666666666666665
Indonesia,2.0,1.0,4.0,21.0,2.0,3.0,,,,,,,,,,,,,,,,,,,,,,,,,,,,,,,,,,,,,,,,,,,,,,,,,,,,,,
Indonesia,1.0,1.0,4.0,21.0,2.0,2.0,4.0,4.0,4.0,4.0,,,,,,,,4.0,3.0,2.0,5.0,5.0,3.0,,,,,,,,,,,,,,,,,,,,,,,,,,,,4.0,,3.5,3.75,,,,,,
Indonesia,2.0,1.0,3.0,21.0,2.0,2.0,4.0,4.0,3.0,3.0,2.0,2.0,3.0,2.0,2.0,2.0,2.0,2.0,1.0,3.0,3.0,3.0,3.0,3.0,3.0,3.0,4.0,3.0,3.0,3.0,3.0,3.0,3.0,3.0,1.0,1.0,1.0,5.0,5.0,5.0,5.0,5.0,5.0,5.0,2.0,4.0,3.0,3.0,2.0,2.0,3.5,2.142857142857143,1.5,3.0,3.25,3.0,1.0,5.0,5.0,2.6666666666666665
Indonesia,1.0,1.0,4.0,20.0,2.0,2.0,3.0,3.0,3.0,3.0,3.0,3.0,3.0,2.0,3.0,3.0,3.0,3.0,,2.0,3.0,3.0,3.0,3.0,2.0,3.0,1.0,4.0,3.0,2.0,3.0,3.0,3.0,3.0,5.0,4.0,4.0,3.0,2.0,2.0,3.0,2.0,4.0,4.0,2.0,3.0,3.0,2.0,2.0,3.0,3.0,2.857142857142857,,2.75,2.25,3.0,4.333333333333333,2.3333333333333335,3.25,2.3333333333333335
Indonesia,1.0,1.0,3.0,19.0,2.0,2.0,2.0,3.0,4.0,2.0,3.0,3.0,2.0,2.0,5.0,5.0,4.0,5.0,5.0,5.0,3.0,2.0,2.0,5.0,5.0,5.0,3.0,5.0,3.0,4.0,5.0,5.0,5.0,4.0,5.0,5.0,5.0,3.0,3.0,3.0,4.0,4.0,4.0,3.0,2.0,2.0,4.0,4.0,4.0,3.0,2.75,3.4285714285714284,5.0,3.0,4.5,4.428571428571429,5.0,3.0,3.75,3.3333333333333335
Indonesia,1.0,2.0,2.0,54.0,1.0,1.0,,,,,,,,,,,,,,,,,,,,,,,,,,,,,2.0,2.0,2.0,3.0,4.0,3.0,1.0,3.0,3.0,3.0,,,,,,,,,,,,,2.0,3.3333333333333335,2.5,
Indonesia,1.0,2.0,3.0,31.0,2.0,3.0,,,,,,,,,,,,,,,,,,,,,,,,,,,,,3.0,4.0,4.0,3.0,4.0,3.0,4.0,3.0,3.0,3.0,,,,,,,,,,,,,3.6666666666666665,3.3333333333333335,3.25,
Indonesia,1.0,1.0,4.0,23.0,2.0,,,,,,,,,,,,,,,,,,,,,,,,,,,,,,,,,,,,,,,,,,,,,,,,,,,,,,,
Indonesia,1.0,1.0,4.0,23.0,1.0,2.0,2.0,,,4.0,2.0,2.0,2.0,,2.0,2.0,,,2.0,2.0,2.0,,2.0,5.0,5.0,5.0,5.0,5.0,4.0,3.0,2.0,2.0,4.0,3.0,4.0,4.0,4.0,3.0,3.0,2.0,4.0,3.0,3.0,3.0,2.0,2.0,,2.0,2.0,2.0,,,,,5.0,3.2857142857142856,4.0,2.6666666666666665,3.25,
Indonesia,1.0,1.0,4.0,20.0,2.0,2.0,2.0,3.0,3.0,3.0,3.0,3.0,3.0,2.0,2.0,2.0,1.0,3.0,4.0,3.0,3.0,3.0,3.0,5.0,5.0,5.0,5.0,4.0,4.0,4.0,4.0,4.0,4.0,4.0,2.0,1.0,4.0,4.0,4.0,4.0,3.0,3.0,2.0,1.0,2.0,3.0,4.0,3.0,3.0,3.0,2.75,2.2857142857142856,3.5,3.0,5.0,4.0,2.3333333333333335,4.0,2.25,3.0
Indonesia,1.0,1.0,2.0,22.0,1.0,3.0,,,,,,,,,,,,,,,,,,,,,,,,,,,,,4.0,3.0,4.0,5.0,4.0,4.0,1.0,5.0,1.0,1.0,,,,,,,,,,,,,3.6666666666666665,4.333333333333333,2.0,
Indonesia,1.0,1.0,4.0,22.0,2.0,2.0,2.0,4.0,4.0,4.0,3.0,2.0,2.0,3.0,4.0,3.0,3.0,3.0,4.0,2.0,2.0,3.0,4.0,5.0,3.0,2.0,3.0,4.0,4.0,2.0,4.0,4.0,3.0,2.0,3.0,5.0,4.0,4.0,3.0,2.0,5.0,3.0,3.0,4.0,2.0,2.0,3.0,2.0,4.0,4.0,3.5,2.857142857142857,3.5,2.75,3.25,3.2857142857142856,4.0,3.0,3.75,2.3333333333333335
Indonesia,1.0,1.0,4.0,20.0,2.0,2.0,4.0,5.0,5.0,4.0,4.0,2.0,3.0,5.0,5.0,3.0,2.0,3.0,4.0,4.0,4.0,1.0,1.0,5.0,5.0,2.0,5.0,4.0,4.0,5.0,5.0,4.0,4.0,4.0,,,,,,,,,,,2.0,4.0,2.0,2.0,3.0,3.0,4.5,3.4285714285714284,3.5,2.5,4.25,4.285714285714286,,,,2.0
Indonesia,1.0,1.0,3.0,22.0,1.0,3.0,,,,,,,,,,,,,,,,,,,,,,,,,,,,,4.0,4.0,4.0,5.0,4.0,4.0,3.0,2.0,2.0,1.0,,,,,,,,,,,,,4.0,4.333333333333333,2.0,
Indonesia,1.0,1.0,1.0,21.0,1.0,1.0,,,,,,,,,,,,,,,,,,,,,,,,,,,,,5.0,5.0,5.0,4.0,4.0,3.0,4.0,2.0,3.0,4.0,,,,,,,,,,,,,5.0,3.6666666666666665,3.25,
Indonesia,1.0,1.0,4.0,22.0,2.0,3.0,,,,,,,,,,,,,,,,,,,,,,,,,,,,,,,,,,,,,,,,,,,,,,,,,,,,,,
Indonesia,1.0,1.0,2.0,21.0,2.0,1.0,,,,,,,,,,,,,,,,,,,,,,,,,,,,,2.0,2.0,2.0,3.0,3.0,3.0,3.0,3.0,3.0,3.0,,,,,,,,,,,,,2.0,3.0,3.0,
Indonesia,1.0,1.0,4.0,22.0,1.0,2.0,,,,,,,,,,,,,,2.0,,2.0,,,,,,,,,,,,,,,,,,,,,,,,,,,,,,,,,,,,,,
Indonesia,1.0,1.0,4.0,21.0,2.0,2.0,4.0,5.0,4.0,4.0,4.0,4.0,2.0,4.0,4.0,4.0,3.0,3.0,4.0,2.0,2.0,4.0,4.0,4.0,3.0,4.0,1.0,4.0,4.0,2.0,4.0,4.0,4.0,3.0,3.0,2.0,2.0,3.0,2.0,2.0,4.0,4.0,4.0,4.0,2.0,2.0,4.0,3.0,3.0,4.0,4.25,3.5714285714285716,3.5,3.0,3.0,3.5714285714285716,2.3333333333333335,2.3333333333333335,4.0,3.0
Indonesia,1.0,1.0,4.0,23.0,2.0,2.0,5.0,3.0,,4.0,4.0,3.0,2.0,,2.0,,,4.0,4.0,,4.0,2.0,4.0,5.0,4.0,4.0,5.0,5.0,5.0,4.0,4.0,4.0,3.0,1.0,5.0,4.0,5.0,4.0,2.0,2.0,2.0,3.0,3.0,3.0,1.0,1.0,4.0,4.0,3.0,3.0,,,4.0,,4.5,3.7142857142857144,4.666666666666667,2.6666666666666665,2.75,3.0
Indonesia,1.0,1.0,4.0,22.0,1.0,2.0,,,,,,,,,,,,,,3.0,,3.0,,,,,,,,,,,,,,,,,,,,,,,,,,,,,,,,,,,,,,
Indonesia,2.0,3.0,3.0,,2.0,2.0,5.0,4.0,4.0,4.0,4.0,2.0,2.0,3.0,4.0,4.0,2.0,4.0,,4.0,2.0,4.0,2.0,5.0,5.0,4.0,4.0,5.0,4.0,2.0,4.0,4.0,4.0,3.0,2.0,2.0,2.0,5.0,5.0,4.0,2.0,2.0,2.0,1.0,2.0,2.0,4.0,2.0,3.0,4.0,4.25,3.0,,3.0,4.5,3.7142857142857144,2.0,4.666666666666667,1.75,2.6666666666666665
Indonesia,1.0,1.0,4.0,23.0,4.0,,,,,,,,,,,,,,,,,,,,,,,,,,,,,,,,,,,,,,,,,,,,,,,,,,,,,,,
Indonesia,1.0,1.0,4.0,20.0,1.0,2.0,,,,,,,,,,,,1.0,,3.0,,3.0,,,,,,,,,,,,,,,,,,,,,,,,,,,,,,,,,,,,,,
Indonesia,1.0,3.0,3.0,56.0,2.0,2.0,4.0,4.0,4.0,4.0,4.0,4.0,4.0,5.0,4.0,5.0,5.0,5.0,4.0,5.0,5.0,5.0,5.0,5.0,5.0,3.0,3.0,5.0,5.0,3.0,4.0,5.0,5.0,3.0,1.0,2.0,2.0,3.0,4.0,4.0,2.0,1.0,2.0,2.0,3.0,3.0,5.0,4.0,3.0,4.0,4.0,4.428571428571429,4.5,5.0,4.0,4.285714285714286,1.6666666666666667,3.6666666666666665,1.75,4.0
Indonesia,2.0,2.0,2.0,22.0,1.0,2.0,3.0,3.0,3.0,3.0,,1.0,,1.0,3.0,3.0,3.0,,,3.0,,3.0,,5.0,3.0,5.0,5.0,5.0,2.0,2.0,3.0,3.0,3.0,3.0,1.0,3.0,5.0,3.0,3.0,3.0,4.0,3.0,4.0,3.0,3.0,3.0,3.0,3.0,3.0,1.0,3.0,,,,4.5,3.0,3.0,3.0,3.5,3.0
Indonesia,1.0,1.0,4.0,21.0,2.0,2.0,4.0,5.0,4.0,5.0,,,,,,,,2.0,1.0,1.0,,1.0,,,,,,,,,,,,,,,,,,,,,,,,,,,,,4.5,,1.5,,,,,,,
Indonesia,1.0,1.0,1.0,19.0,1.0,1.0,,,,,,,,,,,,,,,,,,,,,,,,,,,,,1.0,1.0,3.0,3.0,3.0,3.0,4.0,4.0,3.0,5.0,,,,,,,,,,,,,1.6666666666666667,3.0,4.0,
Indonesia,1.0,3.0,4.0,33.0,1.0,2.0,4.0,4.0,3.0,4.0,2.0,4.0,2.0,3.0,4.0,3.0,4.0,4.0,4.0,3.0,3.0,4.0,4.0,1.0,1.0,4.0,4.0,4.0,4.0,3.0,4.0,3.0,3.0,3.0,3.0,3.0,3.0,2.0,4.0,3.0,3.0,3.0,3.0,1.0,3.0,3.0,4.0,2.0,3.0,4.0,3.75,3.142857142857143,4.0,3.5,2.5,3.4285714285714284,3.0,3.0,2.5,3.0
Indonesia,1.0,1.0,3.0,18.0,2.0,,,,,,,,,,,,,,,,,,,,,,,,,,,,,,,,,,,,,,,,,,,,,,,,,,,,,,,
Indonesia,1.0,1.0,2.0,22.0,2.0,3.0,,,,,,,,,,,,,,,,,,,,,,,,,,,,,2.0,2.0,3.0,2.0,2.0,2.0,3.0,3.0,3.0,3.0,,,,,,,,,,,,,2.3333333333333335,2.0,3.0,
Indonesia,1.0,1.0,2.0,21.0,2.0,2.0,3.0,3.0,3.0,3.0,3.0,3.0,3.0,3.0,3.0,3.0,3.0,3.0,4.0,3.0,3.0,3.0,3.0,5.0,3.0,5.0,1.0,4.0,3.0,3.0,2.0,3.0,3.0,3.0,3.0,4.0,3.0,3.0,3.0,3.0,3.0,3.0,3.0,3.0,3.0,3.0,3.0,3.0,3.0,3.0,3.0,3.0,3.5,3.0,3.5,3.0,3.3333333333333335,3.0,3.0,3.0
Indonesia,1.0,1.0,2.0,22.0,2.0,1.0,,,,,,,,,,,,,,,,,,,,,,,,,,,,,5.0,5.0,4.0,3.0,3.0,3.0,4.0,2.0,3.0,2.0,,,,,,,,,,,,,4.666666666666667,3.0,2.75,
Indonesia,1.0,1.0,2.0,22.0,1.0,2.0,,,,,,,,,,,,,,,,4.0,4.0,5.0,5.0,5.0,3.0,4.0,4.0,4.0,4.0,4.0,3.0,4.0,2.0,4.0,2.0,2.0,3.0,3.0,4.0,4.0,3.0,4.0,,,3.0,3.0,3.0,,,,,,4.5,3.857142857142857,2.6666666666666665,2.6666666666666665,3.75,
Indonesia,1.0,1.0,2.0,22.0,2.0,3.0,,,,,,,,,,,,,,,,,,,,,,,,,,,,,2.0,3.0,4.0,3.0,4.0,2.0,4.0,3.0,3.0,3.0,,,,,,,,,,,,,3.0,3.0,3.25,
Indonesia,1.0,1.0,2.0,22.0,2.0,3.0,,,,,,,,,,,,,,,,,,,,,,,,,,,,,5.0,5.0,4.0,3.0,3.0,2.0,3.0,3.0,4.0,3.0,,,,,,,,,,,,,4.666666666666667,2.6666666666666665,3.25,
Indonesia,1.0,1.0,2.0,19.0,2.0,2.0,4.0,4.0,2.0,2.0,3.0,3.0,1.0,,4.0,,3.0,2.0,2.0,4.0,4.0,2.0,2.0,5.0,4.0,5.0,3.0,4.0,4.0,3.0,4.0,5.0,4.0,3.0,4.0,4.0,4.0,2.0,2.0,2.0,4.0,4.0,4.0,3.0,2.0,2.0,4.0,2.0,3.0,3.0,3.0,,2.0,3.0,4.25,3.857142857142857,4.0,2.0,3.75,2.6666666666666665
Indonesia,1.0,1.0,2.0,22.0,2.0,3.0,,,,,,,,,,,,,,,,,,,,,,,,,,,,,4.0,4.0,5.0,3.0,3.0,1.0,3.0,1.0,3.0,1.0,,,,,,,,,,,,,4.333333333333333,2.3333333333333335,2.0,
Indonesia,1.0,1.0,3.0,19.0,1.0,2.0,4.0,2.0,2.0,4.0,2.0,2.0,2.0,2.0,2.0,2.0,2.0,3.0,3.0,3.0,3.0,3.0,3.0,5.0,5.0,5.0,5.0,4.0,4.0,4.0,4.0,4.0,4.0,4.0,3.0,3.0,3.0,3.0,3.0,3.0,4.0,3.0,5.0,3.0,1.0,1.0,4.0,3.0,2.0,2.0,3.0,2.0,3.0,3.0,5.0,4.0,3.0,3.0,3.75,2.6666666666666665
Indonesia,1.0,1.0,2.0,20.0,1.0,3.0,,,,,,,,,,,,,,,,,,,,,,,,,,,,,2.0,5.0,5.0,1.0,1.0,1.0,3.0,1.0,1.0,1.0,,,,,,,,,,,,,4.0,1.0,1.5,
Indonesia,1.0,1.0,2.0,22.0,2.0,2.0,3.0,4.0,2.0,2.0,5.0,4.0,2.0,3.0,4.0,5.0,4.0,4.0,1.0,2.0,2.0,2.0,1.0,3.0,2.0,3.0,4.0,2.0,3.0,3.0,5.0,5.0,5.0,5.0,2.0,2.0,5.0,2.0,4.0,5.0,5.0,3.0,2.0,3.0,3.0,2.0,4.0,2.0,1.0,2.0,2.75,3.857142857142857,2.5,1.75,3.0,4.0,3.0,3.6666666666666665,3.25,3.0
Indonesia,1.0,1.0,2.0,22.0,1.0,2.0,3.0,4.0,4.0,3.0,3.0,3.0,3.0,3.0,3.0,3.0,3.0,4.0,4.0,4.0,4.0,4.0,4.0,5.0,3.0,5.0,5.0,4.0,4.0,4.0,4.0,4.0,4.0,4.0,3.0,3.0,3.0,5.0,5.0,5.0,3.0,3.0,3.0,2.0,3.0,3.0,4.0,3.0,3.0,3.0,3.5,3.0,4.0,4.0,4.5,4.0,3.0,5.0,2.75,3.3333333333333335
Indonesia,1.0,1.0,2.0,22.0,1.0,2.0,4.0,4.0,4.0,4.0,2.0,3.0,4.0,2.0,3.0,3.0,3.0,4.0,4.0,4.0,3.0,3.0,3.0,4.0,3.0,4.0,3.0,4.0,4.0,4.0,4.0,4.0,4.0,4.0,3.0,2.0,3.0,4.0,4.0,3.0,1.0,3.0,3.0,2.0,4.0,2.0,4.0,4.0,4.0,4.0,4.0,2.857142857142857,4.0,3.25,3.5,4.0,2.6666666666666665,3.6666666666666665,2.25,4.0
Indonesia,1.0,1.0,2.0,22.0,1.0,2.0,5.0,5.0,5.0,5.0,3.0,3.0,1.0,1.0,1.0,3.0,3.0,2.0,3.0,1.0,2.0,3.0,2.0,4.0,5.0,5.0,5.0,4.0,4.0,3.0,3.0,3.0,2.0,2.0,5.0,5.0,4.0,1.0,3.0,5.0,2.0,3.0,1.0,1.0,2.0,2.0,3.0,2.0,3.0,2.0,5.0,2.142857142857143,2.5,2.0,4.75,3.0,4.666666666666667,3.0,1.75,2.3333333333333335
Indonesia,1.0,1.0,2.0,22.0,2.0,,,,,,,,,,,,,,,,,,,,,,,,,,,,,,,,,,,,,,,,,,,,,,,,,,,,,,,
Indonesia,1.0,1.0,2.0,22.0,2.0,3.0,,,,,,,,,,,,,,,,,,,,,,,,,,,,,3.0,3.0,3.0,3.0,3.0,3.0,4.0,1.0,3.0,3.0,,,,,,,,,,,,,3.0,3.0,2.75,
Indonesia,1.0,1.0,2.0,21.0,2.0,3.0,,,,,,,,,,,,,,,,,,,,,,,,,,,,,1.0,2.0,2.0,2.0,3.0,1.0,1.0,2.0,1.0,1.0,,,,,,,,,,,,,1.6666666666666667,2.0,1.25,
Indonesia,1.0,1.0,2.0,21.0,1.0,3.0,,,,,,,,,,,,,,,,,,,,,,,,,,,,,,,,,,,,,,,,,,,,,,,,,,,,,,
Indonesia,1.0,1.0,2.0,21.0,2.0,2.0,4.0,3.0,3.0,3.0,4.0,4.0,4.0,4.0,4.0,4.0,3.0,4.0,4.0,3.0,3.0,3.0,4.0,5.0,3.0,5.0,3.0,4.0,4.0,4.0,4.0,4.0,4.0,4.0,2.0,2.0,2.0,3.0,3.0,3.0,4.0,4.0,4.0,3.0,4.0,3.0,3.0,4.0,3.0,4.0,3.25,3.857142857142857,4.0,3.25,4.0,4.0,2.0,3.0,3.75,3.6666666666666665
Indonesia,1.0,1.0,2.0,22.0,1.0,2.0,4.0,4.0,4.0,4.0,4.0,4.0,4.0,4.0,4.0,4.0,4.0,4.0,4.0,,,4.0,4.0,4.0,3.0,4.0,3.0,4.0,4.0,2.0,4.0,4.0,3.0,4.0,2.0,2.0,3.0,4.0,4.0,3.0,3.0,2.0,2.0,2.0,2.0,2.0,4.0,4.0,4.0,4.0,4.0,4.0,4.0,,3.5,3.5714285714285716,2.3333333333333335,3.6666666666666665,2.25,3.3333333333333335
Indonesia,1.0,1.0,2.0,21.0,1.0,2.0,5.0,5.0,5.0,3.0,5.0,4.0,5.0,5.0,5.0,5.0,5.0,4.0,4.0,4.0,4.0,4.0,3.0,4.0,4.0,3.0,3.0,4.0,3.0,3.0,4.0,4.0,4.0,4.0,4.0,4.0,4.0,4.0,4.0,3.0,3.0,3.0,2.0,2.0,5.0,3.0,4.0,5.0,3.0,4.0,4.5,4.857142857142857,4.0,3.75,3.5,3.7142857142857144,4.0,3.6666666666666665,2.5,4.666666666666667
Indonesia,1.0,1.0,,22.0,2.0,3.0,,,,,,,,,,,,,,,,,,,,,,,,,,,,,3.0,4.0,4.0,2.0,2.0,2.0,4.0,4.0,4.0,3.0,,,,,,,,,,,,,3.6666666666666665,2.0,3.75,
Indonesia,1.0,1.0,2.0,22.0,2.0,2.0,4.0,4.0,4.0,4.0,4.0,3.0,2.0,4.0,4.0,3.0,2.0,5.0,4.0,2.0,4.0,2.0,2.0,5.0,3.0,5.0,5.0,4.0,4.0,3.0,4.0,4.0,3.0,3.0,4.0,2.0,4.0,5.0,5.0,5.0,3.0,2.0,3.0,3.0,2.0,2.0,3.0,2.0,4.0,3.0,4.0,3.142857142857143,4.5,2.5,4.5,3.5714285714285716,3.3333333333333335,5.0,2.75,2.3333333333333335
Indonesia,1.0,1.0,2.0,22.0,1.0,3.0,,,,,,,,,,,,,,,,,,,,,,,,,,,,,5.0,2.0,3.0,3.0,4.0,4.0,3.0,2.0,3.0,2.0,,,,,,,,,,,,,3.3333333333333335,3.6666666666666665,2.5,
Indonesia,1.0,1.0,2.0,22.0,1.0,2.0,3.0,3.0,3.0,3.0,3.0,3.0,3.0,3.0,3.0,3.0,3.0,3.0,3.0,3.0,3.0,4.0,3.0,5.0,4.0,5.0,5.0,4.0,4.0,3.0,5.0,5.0,3.0,3.0,2.0,4.0,3.0,3.0,3.0,5.0,2.0,4.0,3.0,2.0,2.0,3.0,4.0,3.0,3.0,3.0,3.0,3.0,3.0,3.25,4.75,3.857142857142857,3.0,3.6666666666666665,2.75,3.0
Indonesia,1.0,1.0,2.0,22.0,2.0,3.0,,,,,,,,,,,,,,,,,,,,,,,,,,,,,3.0,4.0,5.0,3.0,3.0,3.0,4.0,4.0,3.0,3.0,,,,,,,,,,,,,4.0,3.0,3.5,
Indonesia,1.0,1.0,2.0,21.0,2.0,3.0,,,,,,,,,,,,,,,,,,,,,,,,,,,,,4.0,5.0,5.0,2.0,3.0,3.0,5.0,1.0,5.0,3.0,,,,,,,,,,,,,4.666666666666667,2.6666666666666665,3.5,
Indonesia,2.0,1.0,2.0,23.0,1.0,3.0,,,,,,,,,,,,,,,,,,,,,,,,,,,,,3.0,4.0,4.0,3.0,3.0,3.0,3.0,3.0,3.0,2.0,,,,,,,,,,,,,3.6666666666666665,3.0,2.75,
Indonesia,1.0,1.0,2.0,21.0,2.0,3.0,,,,,,,,,,,,,,,,,,,,,,,,,,,,,4.0,4.0,4.0,5.0,4.0,3.0,4.0,3.0,4.0,2.0,,,,,,,,,,,,,4.0,4.0,3.25,
Indonesia,1.0,1.0,2.0,19.0,2.0,2.0,4.0,4.0,5.0,5.0,3.0,3.0,3.0,3.0,3.0,3.0,3.0,3.0,,3.0,3.0,3.0,3.0,2.0,5.0,3.0,2.0,5.0,5.0,5.0,3.0,4.0,4.0,3.0,2.0,2.0,4.0,1.0,5.0,5.0,5.0,2.0,1.0,2.0,3.0,3.0,3.0,3.0,3.0,3.0,4.5,3.0,,3.0,3.0,4.142857142857143,2.6666666666666665,3.6666666666666665,2.5,3.0
Indonesia,1.0,1.0,2.0,22.0,1.0,2.0,2.0,3.0,3.0,4.0,4.0,5.0,4.0,4.0,3.0,5.0,4.0,3.0,5.0,3.0,3.0,,2.0,2.0,4.0,3.0,4.0,3.0,3.0,4.0,2.0,2.0,3.0,2.0,4.0,3.0,4.0,4.0,3.0,3.0,5.0,4.0,4.0,4.0,4.0,3.0,5.0,3.0,3.0,4.0,3.0,4.142857142857143,4.0,,3.25,2.7142857142857144,3.6666666666666665,3.3333333333333335,4.25,4.0
Indonesia,1.0,1.0,2.0,21.0,2.0,3.0,,,,,,,,,,,,,,,,,,,,,,,,,,,,,,,,4.0,5.0,,3.0,3.0,,3.0,,,,,,,,,,,,,,,,
Indonesia,1.0,1.0,2.0,22.0,2.0,2.0,3.0,3.0,3.0,3.0,3.0,3.0,3.0,3.0,3.0,3.0,3.0,3.0,3.0,3.0,3.0,3.0,3.0,5.0,3.0,4.0,3.0,3.0,3.0,3.0,3.0,3.0,3.0,3.0,,,,,,,,,,,3.0,3.0,3.0,3.0,3.0,3.0,3.0,3.0,3.0,3.0,3.75,3.0,,,,3.0
Indonesia,1.0,1.0,2.0,22.0,2.0,2.0,4.0,4.0,4.0,4.0,4.0,4.0,4.0,4.0,4.0,4.0,4.0,4.0,4.0,4.0,4.0,4.0,4.0,5.0,5.0,5.0,5.0,4.0,4.0,3.0,5.0,4.0,4.0,4.0,4.0,5.0,4.0,3.0,3.0,3.0,4.0,4.0,5.0,5.0,3.0,4.0,4.0,4.0,4.0,4.0,4.0,4.0,4.0,4.0,5.0,4.0,4.333333333333333,3.0,4.5,3.6666666666666665
Indonesia,1.0,1.0,2.0,21.0,2.0,2.0,4.0,4.0,4.0,4.0,3.0,3.0,3.0,,3.0,3.0,3.0,3.0,4.0,,,4.0,,4.0,3.0,3.0,3.0,4.0,4.0,3.0,4.0,4.0,3.0,3.0,4.0,3.0,3.0,3.0,3.0,2.0,4.0,5.0,3.0,4.0,3.0,3.0,4.0,4.0,4.0,3.0,4.0,,3.5,,3.25,3.5714285714285716,3.3333333333333335,2.6666666666666665,4.0,3.6666666666666665
Indonesia,2.0,1.0,2.0,19.0,2.0,2.0,3.0,4.0,4.0,4.0,4.0,3.0,3.0,3.0,3.0,4.0,4.0,3.0,3.0,3.0,4.0,4.0,4.0,1.0,5.0,5.0,1.0,4.0,4.0,4.0,4.0,4.0,4.0,4.0,,,,,,,,,,,3.0,3.0,4.0,3.0,3.0,4.0,3.75,3.4285714285714284,3.0,3.75,3.0,4.0,,,,3.3333333333333335
Indonesia,1.0,1.0,1.0,21.0,2.0,3.0,,,,,,,,,,,,,,,,,,,,,,,,,,,,,2.0,1.0,3.0,4.0,3.0,4.0,2.0,1.0,3.0,2.0,,,,,,,,,,,,,2.0,3.6666666666666665,2.0,
Indonesia,1.0,1.0,2.0,21.0,1.0,3.0,,,,,,,,,,,,,,,,,,,,,,,,,,,,,4.0,4.0,4.0,4.0,4.0,3.0,3.0,3.0,3.0,3.0,,,,,,,,,,,,,4.0,3.6666666666666665,3.0,
Indonesia,1.0,1.0,4.0,24.0,2.0,2.0,,,,,,,,,,,,4.0,,4.0,,4.0,,,,,,,,,,,,,,,,,,,,,,,,,,,,,,,,,,,,,,
Indonesia,1.0,1.0,2.0,19.0,1.0,2.0,5.0,5.0,5.0,5.0,4.0,4.0,4.0,4.0,4.0,4.0,4.0,5.0,5.0,4.0,4.0,4.0,4.0,4.0,4.0,4.0,4.0,4.0,4.0,2.0,4.0,4.0,4.0,4.0,2.0,3.0,3.0,3.0,3.0,1.0,4.0,1.0,4.0,3.0,3.0,3.0,4.0,4.0,5.0,4.0,5.0,4.0,5.0,4.0,4.0,3.7142857142857144,2.6666666666666665,2.3333333333333335,3.0,3.6666666666666665
Indonesia,1.0,1.0,2.0,19.0,1.0,2.0,3.0,4.0,4.0,3.0,4.0,,,,,,,5.0,5.0,,,,,5.0,4.0,5.0,3.0,5.0,4.0,3.0,4.0,5.0,4.0,3.0,4.0,3.0,5.0,3.0,3.0,3.0,4.0,2.0,3.0,3.0,3.0,3.0,4.0,4.0,4.0,3.0,3.5,,5.0,,4.25,4.0,4.0,3.0,3.0,3.6666666666666665
Indonesia,1.0,1.0,2.0,,1.0,2.0,,,,,,,,,,,,1.0,,5.0,,5.0,,,,,,,,,,,,,,,,,,,,,,,,,,,,,,,,,,,,,,
Indonesia,1.0,1.0,2.0,20.0,2.0,2.0,2.0,2.0,4.0,4.0,3.0,1.0,1.0,1.0,5.0,3.0,3.0,2.0,2.0,3.0,3.0,2.0,2.0,5.0,4.0,5.0,5.0,4.0,4.0,3.0,5.0,5.0,5.0,3.0,4.0,2.0,3.0,3.0,2.0,2.0,4.0,3.0,5.0,3.0,1.0,1.0,2.0,2.0,3.0,2.0,3.0,2.4285714285714284,2.0,2.5,4.75,4.142857142857143,3.0,2.3333333333333335,3.75,1.6666666666666667
Indonesia,1.0,1.0,3.0,19.0,2.0,2.0,1.0,4.0,4.0,4.0,4.0,2.0,1.0,,5.0,4.0,4.0,4.0,4.0,1.0,2.0,4.0,4.0,5.0,4.0,5.0,5.0,4.0,4.0,5.0,4.0,5.0,5.0,2.0,5.0,5.0,5.0,4.0,5.0,2.0,5.0,4.0,3.0,2.0,4.0,5.0,5.0,2.0,4.0,4.0,3.25,,4.0,2.75,4.75,4.142857142857143,5.0,3.6666666666666665,3.5,3.6666666666666665
Indonesia,1.0,1.0,2.0,20.0,2.0,1.0,,,,,,,,,,,,,,,,,,,,,,,,,,,,,3.0,2.0,3.0,3.0,2.0,2.0,4.0,1.0,2.0,3.0,,,,,,,,,,,,,2.6666666666666665,2.3333333333333335,2.5,
Indonesia,1.0,1.0,2.0,19.0,2.0,2.0,3.0,3.0,3.0,3.0,4.0,3.0,1.0,2.0,1.0,4.0,1.0,2.0,2.0,2.0,2.0,2.0,2.0,,,,,,,,,,,,,,,,,,,,,,,,,,3.0,3.0,3.0,2.2857142857142856,2.0,2.0,,,,,,
Indonesia,2.0,1.0,,,3.0,3.0,,,,,,,,,,,,,,,,,,,,,,,,,,,,,3.0,5.0,2.0,1.0,5.0,3.0,2.0,3.0,1.0,3.0,,,,,,,,,,,,,3.3333333333333335,3.0,2.25,
Indonesia,1.0,1.0,2.0,21.0,2.0,2.0,3.0,4.0,4.0,3.0,4.0,1.0,3.0,3.0,5.0,3.0,3.0,4.0,4.0,4.0,3.0,3.0,3.0,5.0,5.0,5.0,5.0,4.0,4.0,1.0,5.0,5.0,2.0,3.0,4.0,5.0,3.0,2.0,2.0,2.0,4.0,3.0,4.0,3.0,1.0,2.0,2.0,2.0,4.0,3.0,3.5,3.142857142857143,4.0,3.25,5.0,3.4285714285714284,4.0,2.0,3.5,1.6666666666666667
Indonesia,1.0,1.0,4.0,19.0,2.0,2.0,5.0,4.0,4.0,4.0,4.0,4.0,4.0,4.0,4.0,4.0,4.0,4.0,4.0,5.0,4.0,5.0,5.0,3.0,4.0,2.0,1.0,5.0,5.0,5.0,3.0,5.0,5.0,5.0,1.0,1.0,5.0,3.0,3.0,3.0,3.0,3.0,3.0,3.0,1.0,1.0,3.0,3.0,3.0,4.0,4.25,4.0,4.0,4.75,2.5,4.714285714285714,2.3333333333333335,3.0,3.0,2.3333333333333335
Indonesia,1.0,1.0,2.0,19.0,1.0,2.0,3.0,3.0,2.0,2.0,2.0,3.0,3.0,4.0,3.0,4.0,4.0,4.0,4.0,3.0,3.0,3.0,4.0,5.0,5.0,3.0,4.0,5.0,5.0,3.0,3.0,5.0,3.0,4.0,2.0,1.0,2.0,3.0,4.0,3.0,3.0,3.0,4.0,2.0,3.0,3.0,3.0,2.0,4.0,3.0,2.5,3.2857142857142856,4.0,3.25,4.25,4.0,1.6666666666666667,3.3333333333333335,3.0,2.6666666666666665
Indonesia,1.0,2.0,4.0,28.0,2.0,2.0,3.0,2.0,4.0,4.0,5.0,4.0,4.0,5.0,5.0,5.0,2.0,4.0,3.0,5.0,4.0,4.0,4.0,5.0,5.0,4.0,4.0,4.0,3.0,3.0,5.0,5.0,5.0,4.0,4.0,4.0,2.0,5.0,5.0,3.0,3.0,4.0,1.0,3.0,5.0,3.0,4.0,4.0,4.0,3.0,3.25,4.285714285714286,3.5,4.25,4.5,4.142857142857143,3.3333333333333335,4.333333333333333,2.75,4.333333333333333
Indonesia,1.0,2.0,3.0,23.0,2.0,2.0,4.0,4.0,2.0,2.0,2.0,,,2.0,,,,4.0,4.0,3.0,2.0,4.0,4.0,5.0,4.0,3.0,3.0,4.0,3.0,2.0,4.0,4.0,4.0,2.0,3.0,3.0,3.0,2.0,3.0,4.0,4.0,4.0,4.0,4.0,2.0,1.0,4.0,2.0,4.0,2.0,3.0,,4.0,3.25,3.75,3.2857142857142856,3.0,3.0,4.0,2.6666666666666665
Indonesia,1.0,1.0,3.0,22.0,2.0,1.0,,,,,,,,,,,,,,,,,,,,,,,,,,,,,,,,,,,,,,,,,,,,,,,,,,,,,,
